date,state,protest
5/24/2020,IL,1
5/24/2020,KY,1
5/24/2020,MD,1
5/24/2020,NJ,1
5/24/2020,NY,3
5/24/2020,OH,1
5/25/2020,IL,3
5/25/2020,KY,1
5/25/2020,MA,1
5/25/2020,NC,2
5/25/2020,NH,1
5/25/2020,NJ,1
5/25/2020,PA,1
5/26/2020,CA,2
5/26/2020,IL,1
5/26/2020,IN,2
5/26/2020,MD,1
5/26/2020,MI,3
5/26/2020,MN,2
5/26/2020,PA,1
5/26/2020,TX,1
5/26/2020,VA,1
5/27/2020,CA,2
5/27/2020,CO,1
5/27/2020,FL,1
5/27/2020,MD,1
5/27/2020,MI,3
5/27/2020,MN,3
5/27/2020,MO,1
5/27/2020,NC,2
5/27/2020,NY,2
5/27/2020,OK,1
5/27/2020,OR,1
5/27/2020,PA,1
5/27/2020,SC,1
5/27/2020,TN,1
5/27/2020,WA,1
5/28/2020,AL,2
5/28/2020,CA,8
5/28/2020,CO,2
5/28/2020,FL,3
5/28/2020,IA,1
5/28/2020,IL,1
5/28/2020,KY,1
5/28/2020,MA,2
5/28/2020,MD,1
5/28/2020,ME,4
5/28/2020,MI,5
5/28/2020,MN,5
5/28/2020,MO,1
5/28/2020,NE,1
5/28/2020,NJ,1
5/28/2020,NV,2
5/28/2020,NY,1
5/28/2020,OR,4
5/28/2020,PA,2
5/28/2020,SC,1
5/28/2020,TN,2
5/28/2020,TX,3
5/28/2020,WA,1
5/29/2020,AK,1
5/29/2020,AL,1
5/29/2020,AR,1
5/29/2020,AZ,2
5/29/2020,CA,15
5/29/2020,CO,3
5/29/2020,CT,4
5/29/2020,DC,1
5/29/2020,FL,10
5/29/2020,GA,4
5/29/2020,HI,2
5/29/2020,IA,2
5/29/2020,ID,1
5/29/2020,IL,7
5/29/2020,IN,4
5/29/2020,KS,3
5/29/2020,KY,3
5/29/2020,LA,1
5/29/2020,MA,3
5/29/2020,ME,1
5/29/2020,MI,7
5/29/2020,MN,4
5/29/2020,MO,3
5/29/2020,MS,2
5/29/2020,MT,2
5/29/2020,NE,1
5/29/2020,NM,2
5/29/2020,NV,1
5/29/2020,NY,6
5/29/2020,OH,4
5/29/2020,OK,1
5/29/2020,OR,4
5/29/2020,PA,3
5/29/2020,SC,1
5/29/2020,TN,3
5/29/2020,TX,9
5/29/2020,UT,2
5/29/2020,VA,4
5/29/2020,WA,2
5/29/2020,WI,3
5/29/2020,WV,1
5/29/2020,WY,1
5/30/2020,AK,4
5/30/2020,AL,4
5/30/2020,AR,2
5/30/2020,AZ,3
5/30/2020,CA,29
5/30/2020,CO,8
5/30/2020,CT,6
5/30/2020,DC,2
5/30/2020,FL,13
5/30/2020,GA,11
5/30/2020,HI,5
5/30/2020,IA,6
5/30/2020,ID,1
5/30/2020,IL,16
5/30/2020,IN,12
5/30/2020,KS,5
5/30/2020,KY,8
5/30/2020,LA,6
5/30/2020,MA,14
5/30/2020,MD,1
5/30/2020,ME,2
5/30/2020,MI,13
5/30/2020,MN,6
5/30/2020,MO,9
5/30/2020,MS,6
5/30/2020,MT,3
5/30/2020,NC,8
5/30/2020,ND,2
5/30/2020,NE,3
5/30/2020,NH,5
5/30/2020,NJ,19
5/30/2020,NM,6
5/30/2020,NY,15
5/30/2020,OH,13
5/30/2020,OK,2
5/30/2020,OR,10
5/30/2020,PA,8
5/30/2020,RI,3
5/30/2020,SC,5
5/30/2020,SD,1
5/30/2020,TN,3
5/30/2020,TX,26
5/30/2020,UT,4
5/30/2020,VA,11
5/30/2020,VT,3
5/30/2020,WA,18
5/30/2020,WI,5
5/30/2020,WV,5
5/30/2020,WY,2
5/31/2020,AK,2
5/31/2020,AL,12
5/31/2020,AR,5
5/31/2020,AZ,2
5/31/2020,CA,46
5/31/2020,CO,3
5/31/2020,CT,9
5/31/2020,DE,1
5/31/2020,FL,18
5/31/2020,GA,16
5/31/2020,HI,6
5/31/2020,IA,10
5/31/2020,ID,3
5/31/2020,IL,14
5/31/2020,IN,8
5/31/2020,KS,8
5/31/2020,KY,10
5/31/2020,LA,5
5/31/2020,MA,16
5/31/2020,MD,12
5/31/2020,ME,10
5/31/2020,MI,14
5/31/2020,MN,8
5/31/2020,MO,5
5/31/2020,MS,5
5/31/2020,MT,5
5/31/2020,NC,17
5/31/2020,NE,8
5/31/2020,NH,2
5/31/2020,NJ,14
5/31/2020,NM,2
5/31/2020,NV,1
5/31/2020,NY,25
5/31/2020,OH,15
5/31/2020,OK,3
5/31/2020,OR,11
5/31/2020,PA,23
5/31/2020,SC,9
5/31/2020,SD,2
5/31/2020,TN,7
5/31/2020,TX,24
5/31/2020,UT,3
5/31/2020,VA,13
5/31/2020,VT,2
5/31/2020,WA,16
5/31/2020,WI,8
5/31/2020,WV,9
5/31/2020,WY,2
6/1/2020,AK,6
6/1/2020,AL,5
6/1/2020,AR,3
6/1/2020,AZ,2
6/1/2020,CA,48
6/1/2020,CO,5
6/1/2020,CT,6
6/1/2020,DE,1
6/1/2020,FL,20
6/1/2020,GA,17
6/1/2020,HI,1
6/1/2020,IA,10
6/1/2020,ID,2
6/1/2020,IL,17
6/1/2020,IN,13
6/1/2020,KS,1
6/1/2020,KY,7
6/1/2020,LA,7
6/1/2020,MA,11
6/1/2020,MD,4
6/1/2020,ME,9
6/1/2020,MI,16
6/1/2020,MN,5
6/1/2020,MO,6
6/1/2020,MS,3
6/1/2020,MT,1
6/1/2020,NC,13
6/1/2020,NE,3
6/1/2020,NH,2
6/1/2020,NJ,5
6/1/2020,NM,5
6/1/2020,NY,26
6/1/2020,OH,27
6/1/2020,OK,3
6/1/2020,OR,7
6/1/2020,PA,17
6/1/2020,SC,9
6/1/2020,SD,3
6/1/2020,TN,10
6/1/2020,TX,23
6/1/2020,UT,2
6/1/2020,VA,15
6/1/2020,VT,1
6/1/2020,WA,11
6/1/2020,WI,9
6/1/2020,WY,2
6/2/2020,AK,4
6/2/2020,AL,5
6/2/2020,AR,4
6/2/2020,AZ,7
6/2/2020,CA,66
6/2/2020,CO,9
6/2/2020,CT,15
6/2/2020,DC,1
6/2/2020,DE,2
6/2/2020,FL,18
6/2/2020,GA,14
6/2/2020,HI,1
6/2/2020,IA,6
6/2/2020,ID,10
6/2/2020,IL,12
6/2/2020,IN,5
6/2/2020,KS,3
6/2/2020,KY,8
6/2/2020,LA,7
6/2/2020,MA,11
6/2/2020,MD,10
6/2/2020,ME,2
6/2/2020,MI,20
6/2/2020,MN,7
6/2/2020,MO,8
6/2/2020,MS,2
6/2/2020,MT,1
6/2/2020,NC,12
6/2/2020,ND,2
6/2/2020,NE,8
6/2/2020,NJ,20
6/2/2020,NM,2
6/2/2020,NV,2
6/2/2020,NY,25
6/2/2020,OH,21
6/2/2020,OK,5
6/2/2020,OR,12
6/2/2020,PA,8
6/2/2020,SC,6
6/2/2020,SD,2
6/2/2020,TN,12
6/2/2020,TX,21
6/2/2020,UT,3
6/2/2020,VA,16
6/2/2020,VT,4
6/2/2020,WA,14
6/2/2020,WI,11
6/2/2020,WV,2
6/2/2020,WY,5
6/3/2020,AK,4
6/3/2020,AL,11
6/3/2020,AR,3
6/3/2020,AZ,3
6/3/2020,CA,62
6/3/2020,CO,8
6/3/2020,CT,8
6/3/2020,DC,1
6/3/2020,DE,2
6/3/2020,FL,21
6/3/2020,GA,9
6/3/2020,HI,2
6/3/2020,IA,9
6/3/2020,ID,4
6/3/2020,IL,22
6/3/2020,IN,7
6/3/2020,KS,5
6/3/2020,KY,6
6/3/2020,LA,8
6/3/2020,MA,18
6/3/2020,MD,12
6/3/2020,ME,5
6/3/2020,MI,17
6/3/2020,MN,6
6/3/2020,MO,9
6/3/2020,MS,2
6/3/2020,MT,2
6/3/2020,NC,14
6/3/2020,ND,1
6/3/2020,NE,4
6/3/2020,NH,2
6/3/2020,NJ,1
6/3/2020,NM,5
6/3/2020,NV,1
6/3/2020,NY,27
6/3/2020,OH,20
6/3/2020,OK,3
6/3/2020,OR,13
6/3/2020,PA,17
6/3/2020,RI,2
6/3/2020,SC,8
6/3/2020,TN,5
6/3/2020,TX,22
6/3/2020,UT,3
6/3/2020,VA,20
6/3/2020,VT,5
6/3/2020,WA,14
6/3/2020,WI,14
6/3/2020,WV,4
6/3/2020,WY,2
6/4/2020,AK,2
6/4/2020,AL,5
6/4/2020,AR,10
6/4/2020,AZ,2
6/4/2020,CA,51
6/4/2020,CO,3
6/4/2020,CT,11
6/4/2020,DC,1
6/4/2020,DE,1
6/4/2020,FL,15
6/4/2020,GA,12
6/4/2020,IA,7
6/4/2020,ID,1
6/4/2020,IL,22
6/4/2020,IN,9
6/4/2020,KS,3
6/4/2020,KY,5
6/4/2020,LA,8
6/4/2020,MA,16
6/4/2020,MD,5
6/4/2020,ME,5
6/4/2020,MI,25
6/4/2020,MN,4
6/4/2020,MO,8
6/4/2020,MS,3
6/4/2020,MT,2
6/4/2020,NC,15
6/4/2020,ND,1
6/4/2020,NE,1
6/4/2020,NH,2
6/4/2020,NJ,9
6/4/2020,NM,3
6/4/2020,NV,3
6/4/2020,NY,17
6/4/2020,OH,15
6/4/2020,OK,4
6/4/2020,OR,11
6/4/2020,PA,22
6/4/2020,SC,5
6/4/2020,SD,2
6/4/2020,TN,9
6/4/2020,TX,21
6/4/2020,UT,2
6/4/2020,VA,16
6/4/2020,VT,1
6/4/2020,WA,9
6/4/2020,WI,14
6/4/2020,WV,2
6/4/2020,WY,4
6/5/2020,AK,3
6/5/2020,AL,7
6/5/2020,AR,3
6/5/2020,AZ,3
6/5/2020,CA,57
6/5/2020,CO,7
6/5/2020,CT,13
6/5/2020,DC,1
6/5/2020,DE,4
6/5/2020,FL,16
6/5/2020,GA,11
6/5/2020,HI,2
6/5/2020,IA,7
6/5/2020,ID,1
6/5/2020,IL,19
6/5/2020,IN,8
6/5/2020,KS,5
6/5/2020,KY,7
6/5/2020,LA,5
6/5/2020,MA,8
6/5/2020,MD,9
6/5/2020,ME,3
6/5/2020,MI,15
6/5/2020,MN,3
6/5/2020,MO,11
6/5/2020,MS,3
6/5/2020,MT,5
6/5/2020,NC,12
6/5/2020,ND,3
6/5/2020,NE,3
6/5/2020,NH,4
6/5/2020,NJ,6
6/5/2020,NM,5
6/5/2020,NV,2
6/5/2020,NY,14
6/5/2020,OH,10
6/5/2020,OK,5
6/5/2020,OR,10
6/5/2020,PA,21
6/5/2020,SC,4
6/5/2020,SD,1
6/5/2020,TN,6
6/5/2020,TX,11
6/5/2020,UT,6
6/5/2020,VA,14
6/5/2020,VT,1
6/5/2020,WA,11
6/5/2020,WI,9
6/5/2020,WV,1
6/5/2020,WY,4
6/6/2020,AK,7
6/6/2020,AL,11
6/6/2020,AR,5
6/6/2020,AZ,7
6/6/2020,CA,70
6/6/2020,CO,7
6/6/2020,CT,17
6/6/2020,DC,1
6/6/2020,DE,3
6/6/2020,FL,35
6/6/2020,GA,18
6/6/2020,HI,8
6/6/2020,IA,7
6/6/2020,ID,3
6/6/2020,IL,32
6/6/2020,IN,14
6/6/2020,KS,11
6/6/2020,KY,12
6/6/2020,LA,5
6/6/2020,MA,18
6/6/2020,MD,16
6/6/2020,ME,3
6/6/2020,MI,31
6/6/2020,MN,8
6/6/2020,MO,13
6/6/2020,MS,8
6/6/2020,MT,4
6/6/2020,NC,25
6/6/2020,ND,1
6/6/2020,NE,4
6/6/2020,NH,6
6/6/2020,NJ,20
6/6/2020,NM,5
6/6/2020,NV,4
6/6/2020,NY,30
6/6/2020,OH,38
6/6/2020,OK,13
6/6/2020,OR,15
6/6/2020,PA,25
6/6/2020,RI,4
6/6/2020,SC,9
6/6/2020,SD,3
6/6/2020,TN,10
6/6/2020,TX,38
6/6/2020,UT,2
6/6/2020,VA,18
6/6/2020,VT,8
6/6/2020,WA,27
6/6/2020,WI,22
6/6/2020,WV,3
6/6/2020,WY,4
6/7/2020,AK,2
6/7/2020,AL,5
6/7/2020,AR,3
6/7/2020,AZ,3
6/7/2020,CA,39
6/7/2020,CO,8
6/7/2020,CT,30
6/7/2020,DC,1
6/7/2020,DE,1
6/7/2020,FL,25
6/7/2020,GA,8
6/7/2020,HI,4
6/7/2020,IA,3
6/7/2020,ID,1
6/7/2020,IL,20
6/7/2020,IN,11
6/7/2020,KS,2
6/7/2020,KY,9
6/7/2020,LA,2
6/7/2020,MA,21
6/7/2020,MD,13
6/7/2020,ME,9
6/7/2020,MI,19
6/7/2020,MN,1
6/7/2020,MO,14
6/7/2020,MS,3
6/7/2020,MT,5
6/7/2020,NC,15
6/7/2020,ND,2
6/7/2020,NE,2
6/7/2020,NH,7
6/7/2020,NJ,23
6/7/2020,NM,2
6/7/2020,NV,1
6/7/2020,NY,36
6/7/2020,OH,17
6/7/2020,OK,3
6/7/2020,OR,3
6/7/2020,PA,16
6/7/2020,RI,3
6/7/2020,SC,10
6/7/2020,SD,1
6/7/2020,TN,6
6/7/2020,TX,20
6/7/2020,VA,20
6/7/2020,VT,6
6/7/2020,WA,12
6/7/2020,WI,8
6/7/2020,WV,5
6/7/2020,WY,3
6/8/2020,AL,3
6/8/2020,AZ,1
6/8/2020,CA,29
6/8/2020,CO,4
6/8/2020,CT,6
6/8/2020,DC,1
6/8/2020,FL,14
6/8/2020,GA,4
6/8/2020,IA,4
6/8/2020,ID,1
6/8/2020,IL,10
6/8/2020,IN,5
6/8/2020,KS,3
6/8/2020,KY,5
6/8/2020,MA,5
6/8/2020,MD,9
6/8/2020,MI,6
6/8/2020,MN,1
6/8/2020,MO,7
6/8/2020,NC,8
6/8/2020,NE,1
6/8/2020,NH,2
6/8/2020,NJ,8
6/8/2020,NM,6
6/8/2020,NV,2
6/8/2020,NY,16
6/8/2020,OH,5
6/8/2020,OK,2
6/8/2020,OR,4
6/8/2020,PA,9
6/8/2020,RI,2
6/8/2020,SC,3
6/8/2020,TN,6
6/8/2020,TX,8
6/8/2020,UT,1
6/8/2020,VA,9
6/8/2020,WA,5
6/8/2020,WI,7
6/8/2020,WV,2
6/8/2020,WY,2
6/9/2020,AL,1
6/9/2020,AR,2
6/9/2020,AZ,3
6/9/2020,CA,12
6/9/2020,CO,1
6/9/2020,CT,2
6/9/2020,DE,2
6/9/2020,FL,14
6/9/2020,GA,3
6/9/2020,IA,2
6/9/2020,IL,6
6/9/2020,IN,2
6/9/2020,KS,1
6/9/2020,KY,2
6/9/2020,LA,1
6/9/2020,MA,2
6/9/2020,MD,5
6/9/2020,ME,2
6/9/2020,MI,8
6/9/2020,MO,5
6/9/2020,MT,1
6/9/2020,NC,6
6/9/2020,NE,2
6/9/2020,NJ,4
6/9/2020,NM,4
6/9/2020,NV,1
6/9/2020,NY,9
6/9/2020,OH,6
6/9/2020,OK,5
6/9/2020,OR,6
6/9/2020,PA,8
6/9/2020,RI,1
6/9/2020,SC,1
6/9/2020,TN,4
6/9/2020,TX,8
6/9/2020,UT,2
6/9/2020,VA,7
6/9/2020,WA,2
6/9/2020,WI,3
6/9/2020,WY,1
6/10/2020,AK,1
6/10/2020,AL,2
6/10/2020,AR,2
6/10/2020,AZ,3
6/10/2020,CA,16
6/10/2020,CO,4
6/10/2020,CT,2
6/10/2020,DC,1
6/10/2020,DE,1
6/10/2020,FL,14
6/10/2020,GA,3
6/10/2020,IA,1
6/10/2020,IL,4
6/10/2020,IN,1
6/10/2020,KS,3
6/10/2020,KY,4
6/10/2020,LA,1
6/10/2020,MA,3
6/10/2020,MD,4
6/10/2020,ME,1
6/10/2020,MI,3
6/10/2020,MN,1
6/10/2020,MO,1
6/10/2020,NC,3
6/10/2020,NJ,1
6/10/2020,NM,2
6/10/2020,NV,1
6/10/2020,NY,10
6/10/2020,OH,2
6/10/2020,OK,1
6/10/2020,OR,5
6/10/2020,PA,6
6/10/2020,SC,2
6/10/2020,SD,1
6/10/2020,TN,5
6/10/2020,TX,6
6/10/2020,UT,1
6/10/2020,VA,7
6/10/2020,VT,1
6/10/2020,WA,3
6/10/2020,WI,4
6/10/2020,WV,2
6/10/2020,WY,1
6/11/2020,AL,4
6/11/2020,AR,1
6/11/2020,AZ,1
6/11/2020,CA,10
6/11/2020,CO,2
6/11/2020,CT,1
6/11/2020,DC,1
6/11/2020,FL,12
6/11/2020,GA,5
6/11/2020,IA,3
6/11/2020,IL,10
6/11/2020,IN,4
6/11/2020,KS,2
6/11/2020,KY,4
6/11/2020,LA,6
6/11/2020,MA,22
6/11/2020,MD,1
6/11/2020,ME,2
6/11/2020,MI,2
6/11/2020,MN,2
6/11/2020,MO,2
6/11/2020,MS,1
6/11/2020,MT,1
6/11/2020,NC,3
6/11/2020,NE,1
6/11/2020,NJ,6
6/11/2020,NM,2
6/11/2020,NY,9
6/11/2020,OH,7
6/11/2020,OK,2
6/11/2020,OR,2
6/11/2020,PA,8
6/11/2020,RI,2
6/11/2020,SC,3
6/11/2020,TN,8
6/11/2020,TX,6
6/11/2020,UT,2
6/11/2020,VA,3
6/11/2020,WA,4
6/11/2020,WI,3
6/11/2020,WV,1
6/11/2020,WY,1
6/12/2020,AL,2
6/12/2020,AZ,2
6/12/2020,CA,19
6/12/2020,CO,2
6/12/2020,CT,4
6/12/2020,DE,1
6/12/2020,FL,17
6/12/2020,GA,4
6/12/2020,IA,3
6/12/2020,IL,7
6/12/2020,IN,2
6/12/2020,KS,2
6/12/2020,KY,5
6/12/2020,LA,5
6/12/2020,MA,5
6/12/2020,MD,2
6/12/2020,ME,1
6/12/2020,MI,12
6/12/2020,MN,4
6/12/2020,MO,3
6/12/2020,MT,1
6/12/2020,NC,6
6/12/2020,NE,2
6/12/2020,NH,2
6/12/2020,NJ,6
6/12/2020,NM,2
6/12/2020,NV,2
6/12/2020,NY,14
6/12/2020,OH,6
6/12/2020,OK,2
6/12/2020,OR,4
6/12/2020,PA,8
6/12/2020,RI,1
6/12/2020,SC,1
6/12/2020,SD,1
6/12/2020,TN,5
6/12/2020,TX,5
6/12/2020,VA,4
6/12/2020,WA,11
6/12/2020,WI,5
6/12/2020,WV,2
6/12/2020,WY,1
6/13/2020,AL,11
6/13/2020,AR,2
6/13/2020,AZ,5
6/13/2020,CA,28
6/13/2020,CO,4
6/13/2020,CT,15
6/13/2020,DC,1
6/13/2020,DE,4
6/13/2020,FL,26
6/13/2020,GA,10
6/13/2020,HI,4
6/13/2020,IA,4
6/13/2020,IL,8
6/13/2020,IN,8
6/13/2020,KS,4
6/13/2020,KY,6
6/13/2020,LA,9
6/13/2020,MA,13
6/13/2020,MD,3
6/13/2020,ME,2
6/13/2020,MI,7
6/13/2020,MN,6
6/13/2020,MO,10
6/13/2020,MS,2
6/13/2020,NC,13
6/13/2020,NH,1
6/13/2020,NJ,10
6/13/2020,NM,4
6/13/2020,NV,2
6/13/2020,NY,17
6/13/2020,OH,11
6/13/2020,OK,2
6/13/2020,OR,7
6/13/2020,PA,14
6/13/2020,RI,1
6/13/2020,SC,4
6/13/2020,SD,1
6/13/2020,TN,6
6/13/2020,TX,18
6/13/2020,UT,1
6/13/2020,VA,10
6/13/2020,VT,4
6/13/2020,WA,7
6/13/2020,WI,7
6/13/2020,WV,1
6/14/2020,AL,3
6/14/2020,AR,1
6/14/2020,AZ,2
6/14/2020,CA,24
6/14/2020,CO,5
6/14/2020,CT,6
6/14/2020,DC,1
6/14/2020,FL,18
6/14/2020,GA,5
6/14/2020,HI,2
6/14/2020,IA,3
6/14/2020,IL,6
6/14/2020,IN,4
6/14/2020,KS,1
6/14/2020,KY,3
6/14/2020,LA,4
6/14/2020,MA,6
6/14/2020,MD,1
6/14/2020,ME,1
6/14/2020,MI,8
6/14/2020,MN,2
6/14/2020,MO,11
6/14/2020,MS,1
6/14/2020,MT,2
6/14/2020,NC,7
6/14/2020,ND,1
6/14/2020,NE,1
6/14/2020,NH,1
6/14/2020,NJ,4
6/14/2020,NV,1
6/14/2020,NY,22
6/14/2020,OH,12
6/14/2020,OK,1
6/14/2020,OR,6
6/14/2020,PA,13
6/14/2020,RI,2
6/14/2020,SC,4
6/14/2020,TN,6
6/14/2020,TX,6
6/14/2020,UT,2
6/14/2020,VA,1
6/14/2020,VT,1
6/14/2020,WA,10
6/14/2020,WI,3
6/14/2020,WV,1
6/14/2020,WY,1
6/15/2020,AL,2
6/15/2020,AZ,2
6/15/2020,CA,9
6/15/2020,CO,3
6/15/2020,CT,1
6/15/2020,DC,1
6/15/2020,FL,4
6/15/2020,GA,5
6/15/2020,HI,1
6/15/2020,IA,2
6/15/2020,IL,1
6/15/2020,KS,2
6/15/2020,LA,4
6/15/2020,MA,5
6/15/2020,MI,2
6/15/2020,MN,1
6/15/2020,MO,8
6/15/2020,NC,3
6/15/2020,NV,2
6/15/2020,NY,2
6/15/2020,OH,2
6/15/2020,OK,1
6/15/2020,OR,2
6/15/2020,PA,1
6/15/2020,SC,2
6/15/2020,TN,5
6/15/2020,TX,1
6/15/2020,UT,2
6/15/2020,WA,3
6/15/2020,WI,1
6/15/2020,WV,1
6/16/2020,AR,1
6/16/2020,CA,7
6/16/2020,CO,3
6/16/2020,CT,1
6/16/2020,FL,4
6/16/2020,GA,3
6/16/2020,IA,2
6/16/2020,ID,1
6/16/2020,IL,5
6/16/2020,IN,4
6/16/2020,KS,3
6/16/2020,KY,6
6/16/2020,LA,2
6/16/2020,MA,2
6/16/2020,MD,4
6/16/2020,MI,2
6/16/2020,MN,1
6/16/2020,MO,6
6/16/2020,NC,2
6/16/2020,NJ,1
6/16/2020,NY,6
6/16/2020,OH,2
6/16/2020,OK,5
6/16/2020,OR,2
6/16/2020,PA,4
6/16/2020,SC,1
6/16/2020,TN,5
6/16/2020,TX,1
6/16/2020,VA,3
6/16/2020,WA,2
6/16/2020,WI,2
6/16/2020,WY,1
6/17/2020,AK,1
6/17/2020,CA,10
6/17/2020,CO,1
6/17/2020,CT,1
6/17/2020,DC,1
6/17/2020,FL,2
6/17/2020,GA,3
6/17/2020,IL,4
6/17/2020,IN,1
6/17/2020,KS,1
6/17/2020,KY,2
6/17/2020,LA,4
6/17/2020,MA,4
6/17/2020,MD,1
6/17/2020,MI,2
6/17/2020,MN,1
6/17/2020,MO,4
6/17/2020,NC,4
6/17/2020,NE,1
6/17/2020,NJ,6
6/17/2020,NV,1
6/17/2020,NY,4
6/17/2020,OH,2
6/17/2020,OR,2
6/17/2020,PA,2
6/17/2020,RI,1
6/17/2020,SC,3
6/17/2020,TN,4
6/17/2020,TX,2
6/17/2020,UT,1
6/17/2020,VA,2
6/17/2020,VT,1
6/17/2020,WA,2
6/17/2020,WI,3
6/18/2020,AK,2
6/18/2020,AL,1
6/18/2020,AZ,1
6/18/2020,CA,12
6/18/2020,CO,1
6/18/2020,CT,3
6/18/2020,DC,1
6/18/2020,FL,4
6/18/2020,GA,1
6/18/2020,HI,2
6/18/2020,IA,3
6/18/2020,IL,4
6/18/2020,KS,3
6/18/2020,LA,1
6/18/2020,MA,5
6/18/2020,MD,1
6/18/2020,ME,1
6/18/2020,MI,4
6/18/2020,MO,3
6/18/2020,MS,1
6/18/2020,NC,2
6/18/2020,NM,1
6/18/2020,NV,1
6/18/2020,NY,6
6/18/2020,OH,3
6/18/2020,OK,1
6/18/2020,OR,4
6/18/2020,PA,4
6/18/2020,TN,1
6/18/2020,TX,4
6/18/2020,UT,1
6/18/2020,VA,1
6/18/2020,WA,4
6/18/2020,WI,9
6/19/2020,AK,1
6/19/2020,AL,5
6/19/2020,AR,1
6/19/2020,AZ,1
6/19/2020,CA,24
6/19/2020,CO,11
6/19/2020,CT,8
6/19/2020,DC,1
6/19/2020,DE,1
6/19/2020,FL,15
6/19/2020,GA,6
6/19/2020,HI,1
6/19/2020,IA,3
6/19/2020,IL,16
6/19/2020,IN,4
6/19/2020,KS,4
6/19/2020,KY,4
6/19/2020,LA,5
6/19/2020,MA,6
6/19/2020,MD,5
6/19/2020,ME,2
6/19/2020,MI,7
6/19/2020,MN,4
6/19/2020,MO,4
6/19/2020,MS,4
6/19/2020,NC,5
6/19/2020,ND,2
6/19/2020,NE,1
6/19/2020,NH,1
6/19/2020,NJ,10
6/19/2020,NM,3
6/19/2020,NV,1
6/19/2020,NY,13
6/19/2020,OH,6
6/19/2020,OK,2
6/19/2020,OR,6
6/19/2020,PA,5
6/19/2020,RI,2
6/19/2020,SC,1
6/19/2020,SD,2
6/19/2020,TN,6
6/19/2020,TX,15
6/19/2020,UT,3
6/19/2020,VA,13
6/19/2020,VT,5
6/19/2020,WA,12
6/19/2020,WI,5
6/19/2020,WV,3
6/19/2020,WY,2
6/20/2020,AL,4
6/20/2020,AR,1
6/20/2020,AZ,2
6/20/2020,CA,14
6/20/2020,CO,6
6/20/2020,CT,3
6/20/2020,DC,1
6/20/2020,FL,13
6/20/2020,GA,4
6/20/2020,IL,7
6/20/2020,IN,2
6/20/2020,KS,2
6/20/2020,KY,5
6/20/2020,LA,2
6/20/2020,MA,12
6/20/2020,MD,3
6/20/2020,ME,1
6/20/2020,MI,8
6/20/2020,MN,2
6/20/2020,MO,3
6/20/2020,MS,2
6/20/2020,MT,1
6/20/2020,NC,5
6/20/2020,ND,2
6/20/2020,NE,2
6/20/2020,NH,2
6/20/2020,NJ,2
6/20/2020,NM,1
6/20/2020,NV,2
6/20/2020,NY,11
6/20/2020,OH,11
6/20/2020,OK,3
6/20/2020,OR,5
6/20/2020,PA,6
6/20/2020,RI,1
6/20/2020,SC,5
6/20/2020,TN,6
6/20/2020,TX,14
6/20/2020,UT,3
6/20/2020,VA,3
6/20/2020,VT,1
6/20/2020,WA,5
6/20/2020,WI,3
6/20/2020,WV,1
6/21/2020,AL,3
6/21/2020,CA,9
6/21/2020,CO,2
6/21/2020,DC,1
6/21/2020,FL,2
6/21/2020,GA,2
6/21/2020,HI,1
6/21/2020,IL,1
6/21/2020,KY,1
6/21/2020,LA,1
6/21/2020,MA,4
6/21/2020,ME,2
6/21/2020,MO,3
6/21/2020,MS,2
6/21/2020,NC,4
6/21/2020,NE,1
6/21/2020,NH,1
6/21/2020,NJ,1
6/21/2020,NV,1
6/21/2020,NY,1
6/21/2020,OH,1
6/21/2020,OR,4
6/21/2020,PA,5
6/21/2020,SC,1
6/21/2020,TX,1
6/21/2020,UT,1
6/21/2020,VA,3
6/21/2020,WA,3
6/21/2020,WI,2
6/22/2020,AZ,1
6/22/2020,CA,10
6/22/2020,CO,1
6/22/2020,CT,1
6/22/2020,DE,1
6/22/2020,FL,2
6/22/2020,GA,3
6/22/2020,HI,1
6/22/2020,IA,3
6/22/2020,ID,1
6/22/2020,IN,2
6/22/2020,LA,1
6/22/2020,MA,1
6/22/2020,MI,3
6/22/2020,MN,1
6/22/2020,MO,1
6/22/2020,NC,3
6/22/2020,NE,1
6/22/2020,NY,7
6/22/2020,OH,3
6/22/2020,OK,2
6/22/2020,OR,5
6/22/2020,PA,1
6/22/2020,SC,1
6/22/2020,TN,1
6/22/2020,TX,4
6/22/2020,UT,1
6/22/2020,VA,1
6/22/2020,WA,2
6/22/2020,WV,1
6/23/2020,AK,2
6/23/2020,AL,2
6/23/2020,AR,1
6/23/2020,AZ,1
6/23/2020,CA,5
6/23/2020,CO,1
6/23/2020,DC,1
6/23/2020,DE,1
6/23/2020,FL,1
6/23/2020,GA,2
6/23/2020,IA,1
6/23/2020,ID,2
6/23/2020,IL,2
6/23/2020,KY,1
6/23/2020,MA,4
6/23/2020,MD,1
6/23/2020,MI,6
6/23/2020,MN,1
6/23/2020,MO,1
6/23/2020,NC,1
6/23/2020,NE,1
6/23/2020,NJ,2
6/23/2020,NY,4
6/23/2020,OH,6
6/23/2020,OR,1
6/23/2020,PA,4
6/23/2020,TN,2
6/23/2020,UT,1
6/23/2020,VA,2
6/23/2020,WA,2
6/23/2020,WV,1
6/24/2020,AR,1
6/24/2020,AZ,3
6/24/2020,CA,6
6/24/2020,CO,1
6/24/2020,FL,4
6/24/2020,IL,3
6/24/2020,KY,2
6/24/2020,LA,1
6/24/2020,MA,3
6/24/2020,MD,2
6/24/2020,ME,1
6/24/2020,MI,4
6/24/2020,MN,1
6/24/2020,NC,7
6/24/2020,NE,1
6/24/2020,NY,8
6/24/2020,OH,3
6/24/2020,OR,6
6/24/2020,PA,3
6/24/2020,TN,2
6/24/2020,TX,2
6/24/2020,UT,1
6/24/2020,VA,4
6/24/2020,WA,2
6/24/2020,WI,2
6/24/2020,WV,1
6/24/2020,WY,1
6/25/2020,AZ,2
6/25/2020,CA,9
6/25/2020,CT,2
6/25/2020,DC,1
6/25/2020,FL,2
6/25/2020,GA,2
6/25/2020,IL,4
6/25/2020,IN,2
6/25/2020,KY,2
6/25/2020,MA,2
6/25/2020,MD,1
6/25/2020,MI,4
6/25/2020,MN,2
6/25/2020,MO,3
6/25/2020,NC,2
6/25/2020,NE,1
6/25/2020,NJ,1
6/25/2020,NM,2
6/25/2020,NV,1
6/25/2020,NY,5
6/25/2020,OH,4
6/25/2020,OR,2
6/25/2020,PA,3
6/25/2020,TN,3
6/25/2020,TX,3
6/25/2020,UT,4
6/25/2020,VA,1
6/25/2020,WA,3
6/25/2020,WI,5
6/25/2020,WY,1
6/26/2020,AR,1
6/26/2020,AZ,2
6/26/2020,CA,10
6/26/2020,CO,2
6/26/2020,CT,1
6/26/2020,DC,3
6/26/2020,FL,2
6/26/2020,GA,1
6/26/2020,HI,1
6/26/2020,IA,1
6/26/2020,IL,4
6/26/2020,IN,1
6/26/2020,MA,5
6/26/2020,MD,1
6/26/2020,MI,2
6/26/2020,MN,2
6/26/2020,MO,3
6/26/2020,MT,1
6/26/2020,NC,7
6/26/2020,NJ,3
6/26/2020,NM,1
6/26/2020,NV,1
6/26/2020,NY,4
6/26/2020,OH,2
6/26/2020,OK,1
6/26/2020,OR,4
6/26/2020,PA,3
6/26/2020,SD,1
6/26/2020,TN,6
6/26/2020,TX,7
6/26/2020,UT,1
6/26/2020,VA,2
6/26/2020,VT,1
6/26/2020,WA,3
6/27/2020,AK,1
6/27/2020,AL,4
6/27/2020,AR,1
6/27/2020,AZ,2
6/27/2020,CA,10
6/27/2020,CO,5
6/27/2020,CT,2
6/27/2020,DC,2
6/27/2020,DE,2
6/27/2020,FL,16
6/27/2020,GA,9
6/27/2020,HI,1
6/27/2020,IA,2
6/27/2020,ID,1
6/27/2020,IL,14
6/27/2020,IN,2
6/27/2020,KS,2
6/27/2020,KY,2
6/27/2020,LA,6
6/27/2020,MA,3
6/27/2020,MD,2
6/27/2020,MI,7
6/27/2020,MN,3
6/27/2020,MO,6
6/27/2020,MS,3
6/27/2020,NC,8
6/27/2020,NH,1
6/27/2020,NJ,1
6/27/2020,NM,1
6/27/2020,NV,2
6/27/2020,NY,2
6/27/2020,OH,4
6/27/2020,OK,3
6/27/2020,OR,5
6/27/2020,PA,7
6/27/2020,SC,6
6/27/2020,SD,1
6/27/2020,TN,6
6/27/2020,TX,4
6/27/2020,UT,2
6/27/2020,VA,5
6/27/2020,WA,7
6/27/2020,WI,3
6/28/2020,AL,1
6/28/2020,CA,6
6/28/2020,CO,4
6/28/2020,CT,2
6/28/2020,DC,2
6/28/2020,FL,8
6/28/2020,GA,4
6/28/2020,HI,1
6/28/2020,IL,7
6/28/2020,IN,2
6/28/2020,KS,2
6/28/2020,KY,1
6/28/2020,LA,2
6/28/2020,MA,1
6/28/2020,MD,2
6/28/2020,MI,2
6/28/2020,MN,1
6/28/2020,MO,4
6/28/2020,MS,1
6/28/2020,MT,1
6/28/2020,NC,4
6/28/2020,NY,4
6/28/2020,OH,4
6/28/2020,OR,2
6/28/2020,PA,5
6/28/2020,SC,1
6/28/2020,TN,3
6/28/2020,TX,4
6/28/2020,VA,2
6/28/2020,WA,6
6/28/2020,WI,1
6/28/2020,WV,1
6/29/2020,AR,2
6/29/2020,AZ,1
6/29/2020,CA,7
6/29/2020,CO,1
6/29/2020,GA,1
6/29/2020,IA,1
6/29/2020,IL,4
6/29/2020,IN,1
6/29/2020,KS,1
6/29/2020,KY,1
6/29/2020,MD,1
6/29/2020,MI,3
6/29/2020,MS,1
6/29/2020,MT,1
6/29/2020,NC,2
6/29/2020,NM,1
6/29/2020,NY,1
6/29/2020,OH,2
6/29/2020,OR,6
6/29/2020,TN,4
6/29/2020,TX,1
6/29/2020,UT,1
6/29/2020,VA,1
6/29/2020,VT,1
6/29/2020,WA,4
6/29/2020,WI,2
6/29/2020,WV,1
6/30/2020,CA,4
6/30/2020,CO,1
6/30/2020,DC,1
6/30/2020,DE,1
6/30/2020,FL,3
6/30/2020,GA,1
6/30/2020,IA,1
6/30/2020,ID,1
6/30/2020,IL,2
6/30/2020,KY,1
6/30/2020,MI,2
6/30/2020,MN,2
6/30/2020,MS,1
6/30/2020,MT,1
6/30/2020,NC,2
6/30/2020,NE,2
6/30/2020,NM,1
6/30/2020,NY,5
6/30/2020,OH,2
6/30/2020,OR,2
6/30/2020,PA,3
6/30/2020,TX,3
6/30/2020,VA,3
6/30/2020,WA,4
6/30/2020,WI,2
7/1/2020,CA,10
7/1/2020,CO,2
7/1/2020,DC,1
7/1/2020,FL,1
7/1/2020,IA,1
7/1/2020,IL,3
7/1/2020,MN,4
7/1/2020,MS,2
7/1/2020,NC,7
7/1/2020,NY,6
7/1/2020,OK,1
7/1/2020,OR,1
7/1/2020,TN,2
7/1/2020,TX,2
7/1/2020,UT,1
7/1/2020,VA,2
7/1/2020,WA,3
7/1/2020,WI,6
7/2/2020,AL,1
7/2/2020,AZ,1
7/2/2020,CA,9
7/2/2020,CO,1
7/2/2020,CT,3
7/2/2020,FL,3
7/2/2020,GA,1
7/2/2020,HI,2
7/2/2020,IA,1
7/2/2020,IL,1
7/2/2020,IN,1
7/2/2020,MN,2
7/2/2020,MO,1
7/2/2020,NC,2
7/2/2020,NJ,1
7/2/2020,NY,4
7/2/2020,OH,2
7/2/2020,OK,1
7/2/2020,OR,3
7/2/2020,PA,3
7/2/2020,SC,2
7/2/2020,TN,2
7/2/2020,TX,1
7/2/2020,UT,2
7/2/2020,VT,1
7/2/2020,WA,4
7/2/2020,WI,3
7/3/2020,AL,1
7/3/2020,AR,1
7/3/2020,AZ,1
7/3/2020,CA,10
7/3/2020,CO,3
7/3/2020,CT,1
7/3/2020,DC,1
7/3/2020,FL,3
7/3/2020,GA,1
7/3/2020,IA,1
7/3/2020,ID,1
7/3/2020,IL,4
7/3/2020,IN,1
7/3/2020,MD,2
7/3/2020,MI,3
7/3/2020,MN,2
7/3/2020,MO,2
7/3/2020,MS,1
7/3/2020,NC,3
7/3/2020,NJ,1
7/3/2020,NM,1
7/3/2020,NY,2
7/3/2020,OH,2
7/3/2020,OR,2
7/3/2020,PA,2
7/3/2020,SC,1
7/3/2020,SD,1
7/3/2020,TN,1
7/3/2020,TX,6
7/3/2020,UT,1
7/3/2020,VA,3
7/3/2020,WA,2
7/3/2020,WI,1
7/4/2020,AK,1
7/4/2020,AL,2
7/4/2020,AZ,2
7/4/2020,CA,14
7/4/2020,CO,4
7/4/2020,CT,2
7/4/2020,DC,1
7/4/2020,FL,11
7/4/2020,GA,3
7/4/2020,HI,1
7/4/2020,IA,2
7/4/2020,ID,1
7/4/2020,IL,5
7/4/2020,IN,5
7/4/2020,KS,3
7/4/2020,KY,2
7/4/2020,LA,3
7/4/2020,MA,4
7/4/2020,MD,2
7/4/2020,MI,4
7/4/2020,MN,4
7/4/2020,MO,2
7/4/2020,MT,2
7/4/2020,NC,5
7/4/2020,NH,2
7/4/2020,NJ,4
7/4/2020,NM,1
7/4/2020,NY,8
7/4/2020,OH,3
7/4/2020,OK,1
7/4/2020,OR,4
7/4/2020,PA,6
7/4/2020,SC,2
7/4/2020,TN,4
7/4/2020,TX,7
7/4/2020,VA,4
7/4/2020,VT,2
7/4/2020,WA,5
7/4/2020,WI,3
7/5/2020,AL,1
7/5/2020,AR,4
7/5/2020,AZ,1
7/5/2020,CA,9
7/5/2020,CO,1
7/5/2020,CT,2
7/5/2020,FL,11
7/5/2020,GA,1
7/5/2020,IA,1
7/5/2020,IL,2
7/5/2020,IN,1
7/5/2020,MA,2
7/5/2020,MD,2
7/5/2020,MI,1
7/5/2020,MN,3
7/5/2020,MO,3
7/5/2020,MS,1
7/5/2020,NC,2
7/5/2020,NJ,1
7/5/2020,NY,6
7/5/2020,OH,2
7/5/2020,OK,1
7/5/2020,OR,1
7/5/2020,PA,2
7/5/2020,SC,3
7/5/2020,TN,2
7/5/2020,TX,6
7/5/2020,UT,1
7/5/2020,VA,3
7/5/2020,WI,4
7/6/2020,AL,1
7/6/2020,AR,1
7/6/2020,AZ,1
7/6/2020,CA,2
7/6/2020,CO,2
7/6/2020,CT,1
7/6/2020,DC,1
7/6/2020,FL,2
7/6/2020,GA,1
7/6/2020,IA,1
7/6/2020,IL,2
7/6/2020,IN,3
7/6/2020,KY,1
7/6/2020,MA,1
7/6/2020,MI,1
7/6/2020,MN,1
7/6/2020,MO,3
7/6/2020,NC,1
7/6/2020,NV,1
7/6/2020,NY,10
7/6/2020,OR,2
7/6/2020,SC,1
7/6/2020,SD,1
7/6/2020,TN,2
7/6/2020,TX,1
7/6/2020,UT,1
7/6/2020,VA,1
7/6/2020,VT,1
7/6/2020,WA,2
7/6/2020,WI,3
7/7/2020,AL,1
7/7/2020,AR,1
7/7/2020,AZ,2
7/7/2020,CA,2
7/7/2020,CO,1
7/7/2020,DC,1
7/7/2020,FL,5
7/7/2020,GA,1
7/7/2020,IN,1
7/7/2020,LA,1
7/7/2020,MA,1
7/7/2020,MD,1
7/7/2020,MI,2
7/7/2020,MN,2
7/7/2020,MO,3
7/7/2020,MS,1
7/7/2020,NH,1
7/7/2020,NY,9
7/7/2020,OH,3
7/7/2020,OR,1
7/7/2020,PA,2
7/7/2020,RI,1
7/7/2020,TN,3
7/7/2020,TX,1
7/7/2020,UT,1
7/7/2020,VA,3
7/7/2020,VT,1
7/7/2020,WA,1
7/7/2020,WI,3
7/7/2020,WY,1
7/8/2020,AL,1
7/8/2020,AZ,2
7/8/2020,CA,14
7/8/2020,DC,1
7/8/2020,FL,3
7/8/2020,IA,1
7/8/2020,IL,4
7/8/2020,MA,2
7/8/2020,ME,1
7/8/2020,MI,2
7/8/2020,MO,3
7/8/2020,NC,2
7/8/2020,NV,2
7/8/2020,NY,3
7/8/2020,OK,1
7/8/2020,OR,2
7/8/2020,PA,2
7/8/2020,TN,1
7/8/2020,TX,3
7/8/2020,UT,1
7/8/2020,VA,1
7/8/2020,WI,2
7/9/2020,AL,1
7/9/2020,AR,1
7/9/2020,CA,8
7/9/2020,CO,3
7/9/2020,FL,3
7/9/2020,ID,1
7/9/2020,IL,1
7/9/2020,KY,2
7/9/2020,MD,1
7/9/2020,MI,1
7/9/2020,MO,1
7/9/2020,MT,1
7/9/2020,NC,3
7/9/2020,NJ,3
7/9/2020,NY,4
7/9/2020,OR,2
7/9/2020,PA,2
7/9/2020,SC,1
7/9/2020,TN,2
7/9/2020,UT,1
7/9/2020,VA,2
7/9/2020,WA,1
7/9/2020,WI,1
7/10/2020,AR,1
7/10/2020,CA,4
7/10/2020,CO,5
7/10/2020,CT,1
7/10/2020,DC,1
7/10/2020,FL,4
7/10/2020,GA,1
7/10/2020,IA,2
7/10/2020,IL,5
7/10/2020,IN,1
7/10/2020,KY,1
7/10/2020,MD,1
7/10/2020,MI,2
7/10/2020,MN,5
7/10/2020,MO,3
7/10/2020,NE,1
7/10/2020,NY,2
7/10/2020,OH,2
7/10/2020,OR,1
7/10/2020,PA,1
7/10/2020,SC,1
7/10/2020,TN,4
7/10/2020,TX,3
7/10/2020,UT,2
7/10/2020,VA,2
7/10/2020,WI,2
7/11/2020,AK,1
7/11/2020,AL,3
7/11/2020,AZ,1
7/11/2020,CA,10
7/11/2020,CO,2
7/11/2020,CT,1
7/11/2020,DE,1
7/11/2020,FL,8
7/11/2020,GA,4
7/11/2020,IA,3
7/11/2020,IL,7
7/11/2020,IN,3
7/11/2020,KS,1
7/11/2020,KY,4
7/11/2020,LA,2
7/11/2020,MA,1
7/11/2020,MD,2
7/11/2020,MI,3
7/11/2020,MN,2
7/11/2020,MO,1
7/11/2020,MS,4
7/11/2020,NC,4
7/11/2020,NE,4
7/11/2020,NJ,2
7/11/2020,NM,1
7/11/2020,NV,1
7/11/2020,NY,4
7/11/2020,OH,4
7/11/2020,OK,1
7/11/2020,OR,9
7/11/2020,PA,4
7/11/2020,RI,1
7/11/2020,SC,1
7/11/2020,TN,6
7/11/2020,TX,5
7/11/2020,UT,2
7/11/2020,VA,2
7/11/2020,WA,3
7/11/2020,WI,1
7/11/2020,WV,2
7/12/2020,AL,1
7/12/2020,AR,2
7/12/2020,CA,3
7/12/2020,CO,4
7/12/2020,CT,2
7/12/2020,FL,4
7/12/2020,GA,1
7/12/2020,ID,1
7/12/2020,IL,3
7/12/2020,IN,2
7/12/2020,KS,1
7/12/2020,KY,1
7/12/2020,MD,2
7/12/2020,ME,2
7/12/2020,MI,3
7/12/2020,MN,1
7/12/2020,NC,2
7/12/2020,NJ,2
7/12/2020,NV,1
7/12/2020,NY,5
7/12/2020,OH,1
7/12/2020,OR,1
7/12/2020,PA,4
7/12/2020,RI,1
7/12/2020,SC,2
7/12/2020,TN,2
7/12/2020,TX,6
7/12/2020,UT,1
7/12/2020,VA,1
7/12/2020,WA,2
7/12/2020,WI,3
7/12/2020,WV,1
7/13/2020,CA,3
7/13/2020,CO,1
7/13/2020,CT,1
7/13/2020,DE,1
7/13/2020,FL,3
7/13/2020,GA,1
7/13/2020,ID,3
7/13/2020,IN,4
7/13/2020,KS,2
7/13/2020,KY,1
7/13/2020,MA,3
7/13/2020,MD,2
7/13/2020,MI,1
7/13/2020,MN,2
7/13/2020,MO,2
7/13/2020,NC,1
7/13/2020,NM,25
7/13/2020,NY,3
7/13/2020,OK,1
7/13/2020,OR,1
7/13/2020,PA,3
7/13/2020,SD,1
7/13/2020,TX,4
7/13/2020,UT,1
7/13/2020,WA,4
7/13/2020,WI,3
7/14/2020,AK,2
7/14/2020,AL,2
7/14/2020,AZ,1
7/14/2020,CA,3
7/14/2020,CO,1
7/14/2020,FL,7
7/14/2020,GA,1
7/14/2020,IL,2
7/14/2020,IN,1
7/14/2020,KS,1
7/14/2020,KY,1
7/14/2020,LA,1
7/14/2020,MI,2
7/14/2020,MO,1
7/14/2020,MT,1
7/14/2020,NC,3
7/14/2020,NJ,2
7/14/2020,NM,1
7/14/2020,NY,1
7/14/2020,OH,1
7/14/2020,OK,1
7/14/2020,OR,2
7/14/2020,PA,2
7/14/2020,TN,1
7/14/2020,TX,1
7/14/2020,UT,1
7/14/2020,VA,1
7/15/2020,AL,1
7/15/2020,AR,2
7/15/2020,AZ,3
7/15/2020,CO,2
7/15/2020,FL,2
7/15/2020,GA,1
7/15/2020,HI,1
7/15/2020,IN,2
7/15/2020,KS,2
7/15/2020,KY,1
7/15/2020,LA,1
7/15/2020,MI,4
7/15/2020,MS,1
7/15/2020,NY,4
7/15/2020,OH,1
7/15/2020,OK,2
7/15/2020,OR,1
7/15/2020,PA,3
7/15/2020,TX,2
7/15/2020,UT,2
7/15/2020,VA,4
7/15/2020,WA,1
7/15/2020,WI,1
7/16/2020,AL,2
7/16/2020,CA,4
7/16/2020,CO,1
7/16/2020,FL,1
7/16/2020,GA,3
7/16/2020,ID,3
7/16/2020,IL,2
7/16/2020,IN,2
7/16/2020,KY,1
7/16/2020,MA,3
7/16/2020,ME,1
7/16/2020,MI,3
7/16/2020,MN,1
7/16/2020,MO,1
7/16/2020,MT,1
7/16/2020,NM,1
7/16/2020,NY,7
7/16/2020,OR,1
7/16/2020,PA,2
7/16/2020,SC,2
7/16/2020,TN,1
7/16/2020,UT,1
7/16/2020,VT,1
7/16/2020,WA,2
7/16/2020,WI,1
7/16/2020,WV,1
7/17/2020,AL,1
7/17/2020,AR,1
7/17/2020,AZ,1
7/17/2020,CA,5
7/17/2020,CO,3
7/17/2020,CT,1
7/17/2020,DE,1
7/17/2020,FL,1
7/17/2020,IA,1
7/17/2020,ID,1
7/17/2020,MA,1
7/17/2020,MO,5
7/17/2020,MS,1
7/17/2020,NC,4
7/17/2020,NE,1
7/17/2020,NY,7
7/17/2020,OK,1
7/17/2020,OR,4
7/17/2020,PA,3
7/17/2020,TN,4
7/17/2020,TX,2
7/17/2020,VA,3
7/17/2020,WA,2
7/18/2020,AR,1
7/18/2020,AZ,2
7/18/2020,CA,14
7/18/2020,CO,4
7/18/2020,CT,2
7/18/2020,DE,1
7/18/2020,FL,7
7/18/2020,GA,1
7/18/2020,IA,2
7/18/2020,IL,6
7/18/2020,IN,1
7/18/2020,KS,1
7/18/2020,KY,1
7/18/2020,LA,4
7/18/2020,MA,2
7/18/2020,MD,1
7/18/2020,MI,1
7/18/2020,MN,1
7/18/2020,MO,3
7/18/2020,MS,2
7/18/2020,NC,1
7/18/2020,NJ,2
7/18/2020,NM,3
7/18/2020,NY,3
7/18/2020,OH,3
7/18/2020,OR,3
7/18/2020,PA,4
7/18/2020,SC,2
7/18/2020,TX,8
7/18/2020,UT,2
7/18/2020,VA,3
7/18/2020,VT,1
7/18/2020,WA,2
7/18/2020,WI,1
7/18/2020,WV,1
7/19/2020,CA,5
7/19/2020,CO,2
7/19/2020,DC,1
7/19/2020,FL,1
7/19/2020,IN,1
7/19/2020,KY,1
7/19/2020,LA,1
7/19/2020,MA,1
7/19/2020,MI,3
7/19/2020,MN,1
7/19/2020,MO,4
7/19/2020,NC,1
7/19/2020,NE,1
7/19/2020,NJ,2
7/19/2020,NY,8
7/19/2020,OH,2
7/19/2020,OR,1
7/19/2020,PA,3
7/19/2020,SC,1
7/19/2020,TN,2
7/19/2020,TX,2
7/19/2020,VA,1
7/19/2020,VT,1
7/19/2020,WA,1
7/19/2020,WI,2
7/20/2020,AR,1
7/20/2020,CA,9
7/20/2020,CO,2
7/20/2020,CT,4
7/20/2020,DC,1
7/20/2020,FL,5
7/20/2020,GA,1
7/20/2020,HI,1
7/20/2020,IL,2
7/20/2020,KS,1
7/20/2020,LA,1
7/20/2020,MA,1
7/20/2020,MD,1
7/20/2020,MI,3
7/20/2020,MN,1
7/20/2020,MO,1
7/20/2020,MS,2
7/20/2020,NC,3
7/20/2020,NJ,3
7/20/2020,NM,1
7/20/2020,NV,1
7/20/2020,NY,8
7/20/2020,OH,4
7/20/2020,OK,1
7/20/2020,OR,1
7/20/2020,PA,5
7/20/2020,SC,1
7/20/2020,TN,1
7/20/2020,TX,1
7/20/2020,UT,1
7/20/2020,WA,2
7/20/2020,WI,5
7/20/2020,WV,1
7/21/2020,CA,2
7/21/2020,CT,3
7/21/2020,DC,2
7/21/2020,FL,6
7/21/2020,GA,1
7/21/2020,ID,1
7/21/2020,KY,1
7/21/2020,LA,1
7/21/2020,MA,3
7/21/2020,MI,3
7/21/2020,MN,1
7/21/2020,MO,1
7/21/2020,NC,2
7/21/2020,NE,1
7/21/2020,NJ,1
7/21/2020,NY,1
7/21/2020,OH,1
7/21/2020,OR,1
7/21/2020,PA,3
7/21/2020,TN,1
7/21/2020,TX,1
7/21/2020,UT,1
7/21/2020,VA,1
7/22/2020,AL,1
7/22/2020,AR,1
7/22/2020,AZ,4
7/22/2020,CA,5
7/22/2020,CO,1
7/22/2020,DC,1
7/22/2020,FL,1
7/22/2020,GA,1
7/22/2020,IL,1
7/22/2020,KY,1
7/22/2020,LA,2
7/22/2020,MA,6
7/22/2020,MD,1
7/22/2020,ME,2
7/22/2020,MO,1
7/22/2020,MT,2
7/22/2020,NC,5
7/22/2020,NY,3
7/22/2020,OR,1
7/22/2020,PA,4
7/22/2020,UT,1
7/22/2020,VA,2
7/22/2020,WA,2
7/22/2020,WI,3
7/23/2020,AK,1
7/23/2020,AL,1
7/23/2020,AZ,3
7/23/2020,CA,10
7/23/2020,CT,3
7/23/2020,GA,3
7/23/2020,IL,3
7/23/2020,IN,2
7/23/2020,KS,1
7/23/2020,MA,1
7/23/2020,MD,1
7/23/2020,ME,1
7/23/2020,MI,3
7/23/2020,MN,2
7/23/2020,MO,1
7/23/2020,NC,2
7/23/2020,NJ,1
7/23/2020,NY,1
7/23/2020,OH,2
7/23/2020,OR,2
7/23/2020,PA,2
7/23/2020,RI,2
7/23/2020,SC,1
7/23/2020,TN,1
7/23/2020,TX,4
7/23/2020,UT,1
7/23/2020,VA,2
7/23/2020,WI,2
7/24/2020,AK,1
7/24/2020,CA,6
7/24/2020,CO,4
7/24/2020,CT,2
7/24/2020,FL,10
7/24/2020,GA,2
7/24/2020,IA,2
7/24/2020,IL,5
7/24/2020,IN,2
7/24/2020,KS,1
7/24/2020,KY,3
7/24/2020,LA,1
7/24/2020,MA,2
7/24/2020,MD,2
7/24/2020,ME,1
7/24/2020,MI,1
7/24/2020,MN,1
7/24/2020,MO,3
7/24/2020,NC,1
7/24/2020,NE,2
7/24/2020,NY,3
7/24/2020,OH,1
7/24/2020,OR,1
7/24/2020,PA,2
7/24/2020,SC,1
7/24/2020,TX,3
7/24/2020,VA,1
7/24/2020,WA,1
7/24/2020,WI,1
7/24/2020,WV,1
7/24/2020,WY,2
7/25/2020,AR,2
7/25/2020,AZ,1
7/25/2020,CA,12
7/25/2020,CO,3
7/25/2020,CT,3
7/25/2020,DC,1
7/25/2020,FL,10
7/25/2020,IA,3
7/25/2020,ID,1
7/25/2020,IL,8
7/25/2020,IN,2
7/25/2020,KY,1
7/25/2020,LA,1
7/25/2020,MA,1
7/25/2020,MD,2
7/25/2020,ME,2
7/25/2020,MI,2
7/25/2020,MN,2
7/25/2020,MO,2
7/25/2020,MS,2
7/25/2020,MT,5
7/25/2020,NC,4
7/25/2020,NE,1
7/25/2020,NJ,4
7/25/2020,NM,1
7/25/2020,NV,1
7/25/2020,NY,8
7/25/2020,OH,5
7/25/2020,OR,5
7/25/2020,PA,3
7/25/2020,TN,4
7/25/2020,TX,5
7/25/2020,VA,6
7/25/2020,VT,1
7/25/2020,WA,5
7/25/2020,WI,1
7/26/2020,AR,1
7/26/2020,CA,9
7/26/2020,CO,3
7/26/2020,CT,1
7/26/2020,FL,3
7/26/2020,IL,1
7/26/2020,IN,2
7/26/2020,KY,1
7/26/2020,LA,1
7/26/2020,MA,1
7/26/2020,ME,2
7/26/2020,MI,4
7/26/2020,NC,2
7/26/2020,ND,1
7/26/2020,NM,1
7/26/2020,NY,3
7/26/2020,OH,1
7/26/2020,OR,2
7/26/2020,PA,4
7/26/2020,RI,1
7/26/2020,SC,1
7/26/2020,TN,1
7/26/2020,TX,3
7/26/2020,VA,3
7/26/2020,WA,3
7/26/2020,WI,1
7/27/2020,AL,1
7/27/2020,CA,9
7/27/2020,CO,3
7/27/2020,CT,2
7/27/2020,FL,1
7/27/2020,GA,3
7/27/2020,IL,1
7/27/2020,IN,2
7/27/2020,LA,1
7/27/2020,MD,1
7/27/2020,ME,1
7/27/2020,MI,3
7/27/2020,MN,3
7/27/2020,MO,2
7/27/2020,ND,1
7/27/2020,NJ,1
7/27/2020,NY,2
7/27/2020,OR,2
7/27/2020,RI,1
7/27/2020,SC,1
7/27/2020,TN,3
7/27/2020,TX,3
7/28/2020,AK,1
7/28/2020,AL,3
7/28/2020,AZ,1
7/28/2020,CA,9
7/28/2020,CT,1
7/28/2020,DC,2
7/28/2020,FL,3
7/28/2020,ID,2
7/28/2020,IN,1
7/28/2020,MA,2
7/28/2020,ME,1
7/28/2020,MI,2
7/28/2020,MO,2
7/28/2020,NC,1
7/28/2020,NE,1
7/28/2020,NY,4
7/28/2020,OK,1
7/28/2020,PA,2
7/28/2020,SC,3
7/28/2020,TN,3
7/28/2020,TX,1
7/28/2020,VA,2
7/28/2020,WI,1
7/29/2020,AL,1
7/29/2020,AZ,1
7/29/2020,CA,1
7/29/2020,CO,2
7/29/2020,FL,2
7/29/2020,IL,3
7/29/2020,KS,1
7/29/2020,LA,1
7/29/2020,MA,2
7/29/2020,MD,4
7/29/2020,ME,1
7/29/2020,MI,4
7/29/2020,MO,2
7/29/2020,NC,4
7/29/2020,ND,1
7/29/2020,NH,1
7/29/2020,NV,1
7/29/2020,NY,4
7/29/2020,OH,4
7/29/2020,OR,2
7/29/2020,PA,3
7/29/2020,TN,1
7/29/2020,TX,2
7/29/2020,VA,3
7/29/2020,WA,2
7/29/2020,WV,1
7/30/2020,AL,1
7/30/2020,CA,9
7/30/2020,CT,23
7/30/2020,FL,1
7/30/2020,IL,1
7/30/2020,KS,1
7/30/2020,KY,1
7/30/2020,LA,6
7/30/2020,MA,1
7/30/2020,MD,2
7/30/2020,ME,2
7/30/2020,MO,5
7/30/2020,MS,1
7/30/2020,MT,1
7/30/2020,NC,1
7/30/2020,NJ,3
7/30/2020,NM,1
7/30/2020,NV,1
7/30/2020,NY,3
7/30/2020,OH,1
7/30/2020,OR,2
7/30/2020,PA,1
7/30/2020,TN,2
7/30/2020,TX,2
7/30/2020,UT,5
7/30/2020,WA,1
7/30/2020,WY,1
7/31/2020,AL,1
7/31/2020,AZ,1
7/31/2020,CA,11
7/31/2020,CO,2
7/31/2020,CT,1
7/31/2020,FL,4
7/31/2020,IL,4
7/31/2020,KS,1
7/31/2020,ME,1
7/31/2020,MI,2
7/31/2020,MO,1
7/31/2020,MT,2
7/31/2020,NC,1
7/31/2020,ND,1
7/31/2020,NH,1
7/31/2020,NM,2
7/31/2020,NV,3
7/31/2020,NY,2
7/31/2020,OH,1
7/31/2020,OK,2
7/31/2020,OR,1
7/31/2020,PA,3
7/31/2020,SC,1
7/31/2020,TN,2
7/31/2020,VA,1
7/31/2020,WI,2
7/31/2020,WY,1
8/1/2020,AL,2
8/1/2020,AR,1
8/1/2020,AZ,1
8/1/2020,CA,15
8/1/2020,CO,6
8/1/2020,CT,1
8/1/2020,DC,1
8/1/2020,FL,1
8/1/2020,GA,3
8/1/2020,IA,2
8/1/2020,ID,4
8/1/2020,IL,5
8/1/2020,IN,1
8/1/2020,KS,2
8/1/2020,KY,3
8/1/2020,MA,5
8/1/2020,MD,2
8/1/2020,MI,1
8/1/2020,MN,3
8/1/2020,MO,3
8/1/2020,MS,2
8/1/2020,MT,2
8/1/2020,NC,3
8/1/2020,NE,2
8/1/2020,NJ,4
8/1/2020,NV,1
8/1/2020,NY,6
8/1/2020,OH,3
8/1/2020,OR,2
8/1/2020,PA,5
8/1/2020,SC,1
8/1/2020,TN,2
8/1/2020,TX,5
8/1/2020,UT,3
8/1/2020,VA,2
8/1/2020,VT,1
8/1/2020,WA,2
8/1/2020,WI,4
8/1/2020,WY,1
8/2/2020,AR,1
8/2/2020,CA,4
8/2/2020,CO,2
8/2/2020,CT,3
8/2/2020,GA,1
8/2/2020,IL,4
8/2/2020,MA,1
8/2/2020,ME,1
8/2/2020,MI,2
8/2/2020,MO,3
8/2/2020,NC,2
8/2/2020,NM,1
8/2/2020,NY,3
8/2/2020,OH,1
8/2/2020,OR,3
8/2/2020,PA,6
8/2/2020,RI,1
8/2/2020,SC,2
8/2/2020,TX,6
8/2/2020,VA,2
8/3/2020,AK,1
8/3/2020,AL,1
8/3/2020,AR,2
8/3/2020,CA,4
8/3/2020,CO,3
8/3/2020,IA,1
8/3/2020,ID,2
8/3/2020,IL,3
8/3/2020,IN,1
8/3/2020,KY,1
8/3/2020,LA,3
8/3/2020,MA,1
8/3/2020,MD,2
8/3/2020,ME,1
8/3/2020,MS,1
8/3/2020,NC,2
8/3/2020,NE,3
8/3/2020,NJ,2
8/3/2020,NV,1
8/3/2020,NY,3
8/3/2020,OH,5
8/3/2020,OK,1
8/3/2020,OR,3
8/3/2020,PA,2
8/3/2020,RI,1
8/3/2020,TX,1
8/3/2020,UT,1
8/3/2020,VA,1
8/3/2020,VT,1
8/3/2020,WI,1
8/4/2020,CA,3
8/4/2020,CO,1
8/4/2020,FL,3
8/4/2020,GA,3
8/4/2020,IL,4
8/4/2020,ME,1
8/4/2020,MI,1
8/4/2020,MN,1
8/4/2020,NE,1
8/4/2020,NM,1
8/4/2020,NV,1
8/4/2020,NY,3
8/4/2020,OH,2
8/4/2020,OR,2
8/4/2020,PA,1
8/4/2020,UT,2
8/4/2020,VA,1
8/4/2020,WI,5
8/5/2020,AL,1
8/5/2020,CA,21
8/5/2020,CO,3
8/5/2020,FL,1
8/5/2020,GA,2
8/5/2020,IL,3
8/5/2020,LA,2
8/5/2020,MD,1
8/5/2020,ME,1
8/5/2020,MI,1
8/5/2020,MO,1
8/5/2020,MS,1
8/5/2020,MT,1
8/5/2020,NC,3
8/5/2020,ND,1
8/5/2020,NV,2
8/5/2020,NY,3
8/5/2020,OH,5
8/5/2020,OR,1
8/5/2020,PA,2
8/5/2020,RI,1
8/5/2020,TX,3
8/5/2020,UT,2
8/5/2020,WA,1
8/6/2020,AZ,1
8/6/2020,CA,6
8/6/2020,CO,2
8/6/2020,FL,1
8/6/2020,GA,4
8/6/2020,IN,1
8/6/2020,KY,1
8/6/2020,ME,1
8/6/2020,MI,2
8/6/2020,MO,1
8/6/2020,MT,1
8/6/2020,ND,1
8/6/2020,NJ,1
8/6/2020,NV,2
8/6/2020,NY,9
8/6/2020,PA,2
8/6/2020,TX,1
8/6/2020,UT,1
8/6/2020,WA,1
8/6/2020,WI,1
8/7/2020,CA,3
8/7/2020,CO,1
8/7/2020,FL,1
8/7/2020,GA,1
8/7/2020,IL,4
8/7/2020,IN,2
8/7/2020,KS,1
8/7/2020,KY,1
8/7/2020,MA,2
8/7/2020,ME,1
8/7/2020,MI,2
8/7/2020,MN,2
8/7/2020,NC,2
8/7/2020,NE,1
8/7/2020,NY,3
8/7/2020,OR,1
8/7/2020,PA,1
8/7/2020,TN,2
8/7/2020,TX,1
8/7/2020,UT,2
8/7/2020,VA,1
8/7/2020,WA,2
8/7/2020,WI,1
8/8/2020,AZ,1
8/8/2020,CA,14
8/8/2020,CT,2
8/8/2020,FL,5
8/8/2020,GA,2
8/8/2020,IL,1
8/8/2020,IN,2
8/8/2020,KS,1
8/8/2020,KY,3
8/8/2020,LA,2
8/8/2020,MA,1
8/8/2020,MD,1
8/8/2020,ME,1
8/8/2020,MN,2
8/8/2020,NC,6
8/8/2020,NM,1
8/8/2020,NV,2
8/8/2020,NY,5
8/8/2020,OH,1
8/8/2020,OK,2
8/8/2020,OR,7
8/8/2020,PA,7
8/8/2020,RI,1
8/8/2020,SC,2
8/8/2020,SD,1
8/8/2020,TN,2
8/8/2020,TX,10
8/8/2020,UT,1
8/8/2020,VA,3
8/8/2020,WA,8
8/8/2020,WI,2
8/9/2020,AZ,1
8/9/2020,CA,9
8/9/2020,CO,2
8/9/2020,CT,2
8/9/2020,DC,1
8/9/2020,FL,1
8/9/2020,GA,1
8/9/2020,IN,1
8/9/2020,KY,1
8/9/2020,MA,7
8/9/2020,MD,1
8/9/2020,ME,1
8/9/2020,MI,2
8/9/2020,MO,1
8/9/2020,NC,1
8/9/2020,NE,1
8/9/2020,NJ,1
8/9/2020,NV,1
8/9/2020,NY,6
8/9/2020,OK,1
8/9/2020,OR,2
8/9/2020,PA,5
8/9/2020,TN,1
8/9/2020,TX,2
8/9/2020,UT,1
8/9/2020,VT,1
8/9/2020,WA,1
8/9/2020,WI,2
8/10/2020,AR,2
8/10/2020,AZ,2
8/10/2020,CA,6
8/10/2020,FL,1
8/10/2020,ID,1
8/10/2020,IL,1
8/10/2020,KY,1
8/10/2020,LA,1
8/10/2020,MA,2
8/10/2020,ME,1
8/10/2020,MI,3
8/10/2020,NE,1
8/10/2020,NJ,1
8/10/2020,NY,4
8/10/2020,OH,1
8/10/2020,OK,1
8/10/2020,PA,2
8/10/2020,SD,1
8/10/2020,TN,2
8/10/2020,TX,2
8/10/2020,VA,1
8/10/2020,WI,1
8/11/2020,AK,2
8/11/2020,CA,4
8/11/2020,FL,1
8/11/2020,GA,2
8/11/2020,IL,5
8/11/2020,IN,1
8/11/2020,KY,1
8/11/2020,MA,1
8/11/2020,MD,1
8/11/2020,ME,1
8/11/2020,MI,1
8/11/2020,MO,1
8/11/2020,MS,1
8/11/2020,NC,1
8/11/2020,NE,2
8/11/2020,NJ,1
8/11/2020,NM,2
8/11/2020,NV,2
8/11/2020,NY,2
8/11/2020,OH,1
8/11/2020,OR,1
8/11/2020,PA,1
8/11/2020,RI,1
8/11/2020,SC,2
8/11/2020,TX,4
8/11/2020,UT,1
8/11/2020,VA,1
8/12/2020,AK,1
8/12/2020,AL,1
8/12/2020,CA,7
8/12/2020,FL,1
8/12/2020,IN,1
8/12/2020,MA,2
8/12/2020,MD,2
8/12/2020,MN,2
8/12/2020,MO,1
8/12/2020,MS,1
8/12/2020,NE,1
8/12/2020,NV,4
8/12/2020,NY,3
8/12/2020,OH,1
8/12/2020,OK,2
8/12/2020,OR,1
8/12/2020,PA,3
8/12/2020,TN,1
8/12/2020,VA,1
8/12/2020,WA,1
8/12/2020,WI,2
8/13/2020,AL,1
8/13/2020,AR,1
8/13/2020,CA,4
8/13/2020,GA,1
8/13/2020,IL,2
8/13/2020,IN,2
8/13/2020,KY,1
8/13/2020,MA,2
8/13/2020,ME,1
8/13/2020,MN,1
8/13/2020,MO,1
8/13/2020,NC,1
8/13/2020,NH,1
8/13/2020,NM,1
8/13/2020,NY,4
8/13/2020,OH,2
8/13/2020,OK,2
8/13/2020,OR,3
8/13/2020,PA,1
8/13/2020,TX,3
8/14/2020,AZ,2
8/14/2020,CA,8
8/14/2020,CO,2
8/14/2020,CT,1
8/14/2020,FL,5
8/14/2020,IL,2
8/14/2020,KS,1
8/14/2020,KY,1
8/14/2020,LA,1
8/14/2020,MA,2
8/14/2020,MD,1
8/14/2020,MN,1
8/14/2020,NC,1
8/14/2020,NJ,1
8/14/2020,NY,3
8/14/2020,OH,2
8/14/2020,OK,1
8/14/2020,PA,1
8/14/2020,RI,2
8/14/2020,SC,1
8/14/2020,TN,1
8/14/2020,TX,4
8/14/2020,WA,2
8/14/2020,WI,5
8/15/2020,AL,2
8/15/2020,AR,1
8/15/2020,CA,11
8/15/2020,CO,2
8/15/2020,CT,1
8/15/2020,DC,2
8/15/2020,FL,5
8/15/2020,GA,1
8/15/2020,IA,2
8/15/2020,IL,2
8/15/2020,IN,2
8/15/2020,KY,1
8/15/2020,MD,3
8/15/2020,MI,2
8/15/2020,MN,1
8/15/2020,MO,2
8/15/2020,MS,3
8/15/2020,NC,4
8/15/2020,NH,1
8/15/2020,NJ,1
8/15/2020,NM,3
8/15/2020,NV,1
8/15/2020,NY,1
8/15/2020,OH,1
8/15/2020,OR,4
8/15/2020,PA,5
8/15/2020,TN,1
8/15/2020,TX,5
8/15/2020,UT,4
8/15/2020,VA,2
8/15/2020,VT,6
8/15/2020,WV,3
8/16/2020,AL,2
8/16/2020,CA,2
8/16/2020,CT,1
8/16/2020,FL,3
8/16/2020,GA,2
8/16/2020,IL,1
8/16/2020,IN,1
8/16/2020,KY,1
8/16/2020,LA,1
8/16/2020,MI,2
8/16/2020,MN,1
8/16/2020,MO,1
8/16/2020,NC,3
8/16/2020,ND,1
8/16/2020,NJ,1
8/16/2020,NY,5
8/16/2020,OH,1
8/16/2020,OK,1
8/16/2020,OR,2
8/16/2020,PA,3
8/16/2020,RI,1
8/16/2020,TN,1
8/16/2020,TX,2
8/16/2020,VA,1
8/16/2020,WI,2
8/17/2020,AL,1
8/17/2020,AR,1
8/17/2020,CA,10
8/17/2020,GA,2
8/17/2020,IN,1
8/17/2020,KS,2
8/17/2020,KY,1
8/17/2020,MI,1
8/17/2020,MN,2
8/17/2020,NC,1
8/17/2020,NJ,1
8/17/2020,NV,1
8/17/2020,NY,2
8/17/2020,OH,2
8/17/2020,OK,2
8/17/2020,OR,1
8/17/2020,PA,4
8/17/2020,SD,1
8/17/2020,TN,3
8/17/2020,TX,6
8/17/2020,VA,1
8/17/2020,WA,2
8/17/2020,WI,2
8/18/2020,AZ,1
8/18/2020,CA,9
8/18/2020,CT,1
8/18/2020,FL,2
8/18/2020,GA,4
8/18/2020,ID,1
8/18/2020,IL,2
8/18/2020,KS,2
8/18/2020,KY,3
8/18/2020,MA,7
8/18/2020,ME,2
8/18/2020,MI,2
8/18/2020,MO,1
8/18/2020,MT,1
8/18/2020,NC,1
8/18/2020,NE,1
8/18/2020,NJ,1
8/18/2020,NV,3
8/18/2020,NY,8
8/18/2020,OH,2
8/18/2020,OK,1
8/18/2020,PA,5
8/18/2020,RI,1
8/18/2020,SC,1
8/18/2020,TX,1
8/18/2020,VA,6
8/18/2020,WA,1
8/18/2020,WI,1
8/18/2020,WY,1
8/19/2020,AL,2
8/19/2020,AZ,1
8/19/2020,CA,4
8/19/2020,CO,1
8/19/2020,CT,1
8/19/2020,FL,2
8/19/2020,IA,1
8/19/2020,MA,2
8/19/2020,MD,1
8/19/2020,ME,1
8/19/2020,MN,3
8/19/2020,MO,1
8/19/2020,NH,1
8/19/2020,NJ,5
8/19/2020,NV,1
8/19/2020,NY,1
8/19/2020,OK,2
8/19/2020,OR,1
8/19/2020,PA,2
8/19/2020,TX,2
8/19/2020,VA,2
8/19/2020,WA,1
8/20/2020,AK,1
8/20/2020,AZ,1
8/20/2020,CA,5
8/20/2020,DE,1
8/20/2020,FL,1
8/20/2020,GA,4
8/20/2020,IA,2
8/20/2020,IL,1
8/20/2020,IN,1
8/20/2020,KY,4
8/20/2020,LA,1
8/20/2020,MA,3
8/20/2020,ME,1
8/20/2020,MI,2
8/20/2020,MO,1
8/20/2020,MS,1
8/20/2020,NC,1
8/20/2020,ND,1
8/20/2020,NJ,1
8/20/2020,NV,1
8/20/2020,NY,3
8/20/2020,OH,3
8/20/2020,OR,1
8/20/2020,PA,7
8/20/2020,TN,2
8/20/2020,TX,1
8/20/2020,VA,2
8/20/2020,WI,3
8/21/2020,AR,1
8/21/2020,CA,7
8/21/2020,CT,1
8/21/2020,DE,1
8/21/2020,FL,4
8/21/2020,IA,1
8/21/2020,IL,2
8/21/2020,IN,2
8/21/2020,KS,1
8/21/2020,MD,3
8/21/2020,MS,2
8/21/2020,NC,2
8/21/2020,NY,2
8/21/2020,OR,1
8/21/2020,PA,2
8/21/2020,SC,1
8/21/2020,TX,2
8/21/2020,UT,1
8/21/2020,WA,3
8/21/2020,WI,2
8/21/2020,WV,1
8/22/2020,AL,3
8/22/2020,AR,2
8/22/2020,AZ,3
8/22/2020,CA,47
8/22/2020,CO,7
8/22/2020,CT,7
8/22/2020,DC,1
8/22/2020,DE,1
8/22/2020,FL,11
8/22/2020,GA,11
8/22/2020,HI,1
8/22/2020,IA,5
8/22/2020,ID,2
8/22/2020,IL,13
8/22/2020,IN,3
8/22/2020,KY,5
8/22/2020,LA,1
8/22/2020,MA,8
8/22/2020,MD,4
8/22/2020,ME,2
8/22/2020,MI,4
8/22/2020,MN,2
8/22/2020,MO,4
8/22/2020,MS,3
8/22/2020,MT,4
8/22/2020,NC,4
8/22/2020,ND,1
8/22/2020,NE,2
8/22/2020,NH,1
8/22/2020,NJ,6
8/22/2020,NM,2
8/22/2020,NV,2
8/22/2020,NY,26
8/22/2020,OH,10
8/22/2020,OK,1
8/22/2020,OR,2
8/22/2020,PA,18
8/22/2020,RI,1
8/22/2020,SC,2
8/22/2020,TN,5
8/22/2020,TX,9
8/22/2020,UT,3
8/22/2020,VA,5
8/22/2020,VT,2
8/22/2020,WA,7
8/22/2020,WI,6
8/22/2020,WV,3
8/23/2020,AZ,1
8/23/2020,CA,3
8/23/2020,CO,1
8/23/2020,DC,1
8/23/2020,FL,1
8/23/2020,IL,1
8/23/2020,IN,1
8/23/2020,KS,1
8/23/2020,LA,1
8/23/2020,ME,1
8/23/2020,MI,1
8/23/2020,MN,1
8/23/2020,NC,4
8/23/2020,NH,1
8/23/2020,NY,4
8/23/2020,OR,1
8/23/2020,PA,2
8/23/2020,RI,2
8/23/2020,TX,1
8/23/2020,UT,1
8/23/2020,VA,1
8/23/2020,WA,1
8/23/2020,WI,2
8/24/2020,AL,1
8/24/2020,AR,2
8/24/2020,CA,7
8/24/2020,CO,1
8/24/2020,CT,2
8/24/2020,DC,1
8/24/2020,GA,1
8/24/2020,IA,2
8/24/2020,ID,2
8/24/2020,IL,5
8/24/2020,KS,2
8/24/2020,KY,4
8/24/2020,LA,1
8/24/2020,MA,1
8/24/2020,ME,1
8/24/2020,MI,2
8/24/2020,MN,2
8/24/2020,MS,1
8/24/2020,NC,2
8/24/2020,NE,2
8/24/2020,NJ,2
8/24/2020,NM,1
8/24/2020,NY,3
8/24/2020,OH,3
8/24/2020,OK,1
8/24/2020,PA,2
8/24/2020,RI,4
8/24/2020,SC,1
8/24/2020,TN,2
8/24/2020,TX,2
8/24/2020,VA,1
8/24/2020,VT,2
8/24/2020,WA,1
8/24/2020,WI,8
8/25/2020,AK,1
8/25/2020,AR,2
8/25/2020,AZ,3
8/25/2020,CA,10
8/25/2020,CO,5
8/25/2020,DE,3
8/25/2020,FL,4
8/25/2020,GA,2
8/25/2020,IA,3
8/25/2020,ID,1
8/25/2020,IL,1
8/25/2020,IN,2
8/25/2020,KS,2
8/25/2020,KY,2
8/25/2020,MA,3
8/25/2020,MD,3
8/25/2020,MI,2
8/25/2020,MO,4
8/25/2020,MT,1
8/25/2020,NC,1
8/25/2020,NE,3
8/25/2020,NH,1
8/25/2020,NJ,1
8/25/2020,NY,7
8/25/2020,OH,6
8/25/2020,OR,3
8/25/2020,PA,5
8/25/2020,SC,1
8/25/2020,TN,3
8/25/2020,TX,2
8/25/2020,UT,1
8/25/2020,VA,1
8/25/2020,VT,2
8/25/2020,WA,3
8/25/2020,WI,3
8/25/2020,WV,2
8/26/2020,AK,1
8/26/2020,AL,1
8/26/2020,AZ,2
8/26/2020,CA,14
8/26/2020,CO,1
8/26/2020,DE,1
8/26/2020,FL,3
8/26/2020,IA,2
8/26/2020,ID,1
8/26/2020,IL,1
8/26/2020,IN,2
8/26/2020,KY,1
8/26/2020,LA,1
8/26/2020,MA,2
8/26/2020,MD,3
8/26/2020,ME,1
8/26/2020,NC,2
8/26/2020,NJ,1
8/26/2020,NY,5
8/26/2020,OH,1
8/26/2020,OR,2
8/26/2020,PA,6
8/26/2020,TN,1
8/26/2020,TX,2
8/26/2020,VA,3
8/26/2020,VT,1
8/26/2020,WA,1
8/26/2020,WI,4
8/26/2020,WV,1
8/27/2020,AZ,1
8/27/2020,CA,9
8/27/2020,CO,1
8/27/2020,DC,4
8/27/2020,FL,2
8/27/2020,GA,1
8/27/2020,IL,1
8/27/2020,KS,1
8/27/2020,MI,1
8/27/2020,MN,2
8/27/2020,MS,1
8/27/2020,NC,5
8/27/2020,NJ,2
8/27/2020,NV,2
8/27/2020,NY,6
8/27/2020,OK,1
8/27/2020,OR,1
8/27/2020,PA,3
8/27/2020,TX,1
8/27/2020,VT,1
8/27/2020,WA,1
8/27/2020,WI,1
8/28/2020,AL,2
8/28/2020,AZ,2
8/28/2020,CA,10
8/28/2020,CO,1
8/28/2020,DC,1
8/28/2020,FL,5
8/28/2020,GA,3
8/28/2020,IA,3
8/28/2020,IL,4
8/28/2020,IN,4
8/28/2020,KS,1
8/28/2020,KY,1
8/28/2020,LA,1
8/28/2020,MA,4
8/28/2020,MD,3
8/28/2020,MI,3
8/28/2020,MN,1
8/28/2020,MO,3
8/28/2020,MS,2
8/28/2020,MT,1
8/28/2020,NC,2
8/28/2020,NJ,1
8/28/2020,NM,1
8/28/2020,NV,1
8/28/2020,NY,4
8/28/2020,OH,2
8/28/2020,OK,3
8/28/2020,OR,4
8/28/2020,PA,3
8/28/2020,SC,2
8/28/2020,TX,3
8/28/2020,UT,2
8/28/2020,VA,3
8/28/2020,VT,2
8/28/2020,WA,7
8/28/2020,WI,3
8/29/2020,AL,3
8/29/2020,AR,2
8/29/2020,CA,14
8/29/2020,CO,1
8/29/2020,CT,1
8/29/2020,DC,2
8/29/2020,DE,1
8/29/2020,FL,10
8/29/2020,GA,7
8/29/2020,HI,3
8/29/2020,IA,3
8/29/2020,ID,2
8/29/2020,IL,3
8/29/2020,IN,2
8/29/2020,KY,2
8/29/2020,LA,2
8/29/2020,MA,4
8/29/2020,MD,1
8/29/2020,MI,1
8/29/2020,MN,2
8/29/2020,MO,1
8/29/2020,MS,3
8/29/2020,NC,6
8/29/2020,ND,1
8/29/2020,NJ,1
8/29/2020,NM,1
8/29/2020,NV,2
8/29/2020,NY,4
8/29/2020,OH,3
8/29/2020,OK,1
8/29/2020,OR,5
8/29/2020,PA,6
8/29/2020,RI,2
8/29/2020,SC,6
8/29/2020,TN,4
8/29/2020,TX,8
8/29/2020,UT,1
8/29/2020,VA,2
8/29/2020,VT,1
8/29/2020,WA,5
8/29/2020,WI,3
8/30/2020,AZ,1
8/30/2020,CA,6
8/30/2020,CO,2
8/30/2020,CT,2
8/30/2020,DC,1
8/30/2020,FL,2
8/30/2020,GA,1
8/30/2020,IA,1
8/30/2020,IL,3
8/30/2020,KY,1
8/30/2020,LA,1
8/30/2020,MA,5
8/30/2020,MD,1
8/30/2020,MI,1
8/30/2020,MS,1
8/30/2020,NC,3
8/30/2020,NE,1
8/30/2020,NY,7
8/30/2020,OH,6
8/30/2020,PA,4
8/30/2020,RI,2
8/30/2020,TX,4
8/30/2020,UT,1
8/30/2020,VT,3
8/30/2020,WA,1
8/30/2020,WI,4
8/30/2020,WV,2
8/31/2020,AL,1
8/31/2020,CA,5
8/31/2020,IA,1
8/31/2020,ID,1
8/31/2020,IL,3
8/31/2020,IN,1
8/31/2020,KY,1
8/31/2020,LA,1
8/31/2020,MA,1
8/31/2020,MI,2
8/31/2020,MN,1
8/31/2020,NC,2
8/31/2020,NY,4
8/31/2020,OH,3
8/31/2020,PA,7
8/31/2020,SC,2
8/31/2020,TN,1
8/31/2020,VA,1
8/31/2020,VT,1
8/31/2020,WA,2
8/31/2020,WI,2
8/31/2020,WV,1
9/1/2020,AR,1
9/1/2020,AZ,1
9/1/2020,CA,6
9/1/2020,CO,2
9/1/2020,CT,2
9/1/2020,DC,1
9/1/2020,FL,4
9/1/2020,GA,3
9/1/2020,HI,1
9/1/2020,IA,2
9/1/2020,LA,2
9/1/2020,MA,2
9/1/2020,MD,1
9/1/2020,ME,2
9/1/2020,MI,1
9/1/2020,NC,3
9/1/2020,NE,1
9/1/2020,NV,1
9/1/2020,NY,6
9/1/2020,OR,1
9/1/2020,PA,3
9/1/2020,RI,1
9/1/2020,TX,4
9/1/2020,VA,4
9/1/2020,VT,1
9/1/2020,WA,1
9/1/2020,WI,2
9/2/2020,AL,1
9/2/2020,AZ,1
9/2/2020,CA,3
9/2/2020,DC,1
9/2/2020,FL,2
9/2/2020,IA,1
9/2/2020,IL,2
9/2/2020,KY,1
9/2/2020,MN,1
9/2/2020,MO,2
9/2/2020,NC,1
9/2/2020,NY,6
9/2/2020,OH,1
9/2/2020,OR,2
9/2/2020,PA,2
9/2/2020,TN,1
9/2/2020,TX,1
9/2/2020,VA,3
9/2/2020,VT,1
9/3/2020,AR,1
9/3/2020,CA,8
9/3/2020,CT,2
9/3/2020,DC,1
9/3/2020,FL,2
9/3/2020,GA,2
9/3/2020,IL,1
9/3/2020,KS,2
9/3/2020,KY,1
9/3/2020,MA,3
9/3/2020,MN,1
9/3/2020,MO,1
9/3/2020,MS,1
9/3/2020,NC,1
9/3/2020,NY,3
9/3/2020,OK,1
9/3/2020,PA,3
9/3/2020,RI,1
9/3/2020,TX,1
9/3/2020,UT,2
9/3/2020,VA,5
9/3/2020,VT,1
9/3/2020,WA,4
9/3/2020,WI,1
9/3/2020,WV,3
9/4/2020,AZ,1
9/4/2020,CA,2
9/4/2020,CO,1
9/4/2020,FL,3
9/4/2020,GA,1
9/4/2020,IL,2
9/4/2020,IN,2
9/4/2020,KY,1
9/4/2020,LA,2
9/4/2020,MD,1
9/4/2020,MO,1
9/4/2020,NC,3
9/4/2020,NJ,2
9/4/2020,NV,1
9/4/2020,NY,4
9/4/2020,OH,3
9/4/2020,OR,1
9/4/2020,PA,2
9/4/2020,TX,2
9/4/2020,VA,1
9/4/2020,VT,1
9/4/2020,WA,3
9/4/2020,WI,4
9/5/2020,AL,3
9/5/2020,AR,2
9/5/2020,AZ,1
9/5/2020,CA,7
9/5/2020,CO,2
9/5/2020,DC,2
9/5/2020,DE,1
9/5/2020,FL,5
9/5/2020,GA,3
9/5/2020,HI,2
9/5/2020,IA,1
9/5/2020,IL,3
9/5/2020,IN,4
9/5/2020,KY,4
9/5/2020,LA,1
9/5/2020,MA,3
9/5/2020,MD,1
9/5/2020,ME,1
9/5/2020,MI,2
9/5/2020,MN,1
9/5/2020,MO,3
9/5/2020,MS,2
9/5/2020,NC,2
9/5/2020,ND,1
9/5/2020,NJ,2
9/5/2020,NV,1
9/5/2020,NY,7
9/5/2020,OH,2
9/5/2020,OK,2
9/5/2020,OR,1
9/5/2020,PA,3
9/5/2020,RI,1
9/5/2020,SC,1
9/5/2020,TN,3
9/5/2020,TX,11
9/5/2020,UT,1
9/5/2020,VA,3
9/5/2020,VT,1
9/5/2020,WI,5
9/5/2020,WV,1
9/6/2020,AL,2
9/6/2020,AR,1
9/6/2020,CA,4
9/6/2020,CO,1
9/6/2020,CT,2
9/6/2020,DC,1
9/6/2020,FL,2
9/6/2020,GA,1
9/6/2020,HI,2
9/6/2020,IL,3
9/6/2020,IN,1
9/6/2020,KY,1
9/6/2020,LA,1
9/6/2020,MA,2
9/6/2020,ME,1
9/6/2020,NY,3
9/6/2020,OH,2
9/6/2020,OK,1
9/6/2020,OR,2
9/6/2020,PA,2
9/6/2020,TN,1
9/6/2020,TX,2
9/6/2020,VA,3
9/6/2020,VT,1
9/6/2020,WA,1
9/7/2020,AK,1
9/7/2020,AL,4
9/7/2020,AR,1
9/7/2020,AZ,1
9/7/2020,CA,8
9/7/2020,CO,1
9/7/2020,CT,1
9/7/2020,DC,1
9/7/2020,FL,8
9/7/2020,GA,1
9/7/2020,HI,2
9/7/2020,IA,2
9/7/2020,ID,1
9/7/2020,IL,3
9/7/2020,IN,1
9/7/2020,KS,1
9/7/2020,LA,1
9/7/2020,MA,1
9/7/2020,MD,3
9/7/2020,ME,5
9/7/2020,MI,2
9/7/2020,MO,2
9/7/2020,MS,1
9/7/2020,NC,2
9/7/2020,NJ,1
9/7/2020,NY,7
9/7/2020,OH,1
9/7/2020,OK,1
9/7/2020,OR,2
9/7/2020,PA,3
9/7/2020,RI,1
9/7/2020,SC,1
9/7/2020,TN,3
9/7/2020,TX,3
9/7/2020,VT,1
9/7/2020,WA,2
9/7/2020,WI,1
9/8/2020,AL,1
9/8/2020,AZ,2
9/8/2020,CA,6
9/8/2020,DE,1
9/8/2020,FL,7
9/8/2020,IL,2
9/8/2020,KS,1
9/8/2020,KY,4
9/8/2020,LA,1
9/8/2020,MA,2
9/8/2020,MD,2
9/8/2020,ME,1
9/8/2020,MI,2
9/8/2020,MN,1
9/8/2020,MO,1
9/8/2020,NC,3
9/8/2020,NJ,1
9/8/2020,NV,1
9/8/2020,NY,5
9/8/2020,OH,2
9/8/2020,OK,1
9/8/2020,OR,1
9/8/2020,PA,1
9/8/2020,SC,2
9/8/2020,TX,1
9/8/2020,VA,3
9/8/2020,VT,1
9/8/2020,WA,2
9/8/2020,WV,1
9/9/2020,AL,1
9/9/2020,AZ,2
9/9/2020,CA,4
9/9/2020,CT,1
9/9/2020,FL,1
9/9/2020,ID,1
9/9/2020,IL,1
9/9/2020,LA,2
9/9/2020,MA,2
9/9/2020,MI,1
9/9/2020,NC,2
9/9/2020,NV,1
9/9/2020,NY,3
9/9/2020,PA,4
9/9/2020,SC,2
9/9/2020,TN,3
9/9/2020,TX,1
9/9/2020,VT,1
9/10/2020,CA,1
9/10/2020,CT,2
9/10/2020,FL,2
9/10/2020,IL,2
9/10/2020,IN,1
9/10/2020,KS,1
9/10/2020,LA,1
9/10/2020,MA,1
9/10/2020,MI,4
9/10/2020,MN,1
9/10/2020,MS,1
9/10/2020,NC,1
9/10/2020,NM,1
9/10/2020,NV,1
9/10/2020,NY,6
9/10/2020,OH,1
9/10/2020,OK,1
9/10/2020,PA,3
9/10/2020,TN,2
9/10/2020,TX,3
9/10/2020,UT,1
9/10/2020,VA,3
9/10/2020,VT,1
9/10/2020,WI,2
9/11/2020,CO,4
9/11/2020,CT,1
9/11/2020,FL,1
9/11/2020,IL,1
9/11/2020,LA,1
9/11/2020,ME,1
9/11/2020,MI,1
9/11/2020,MN,1
9/11/2020,MT,2
9/11/2020,NC,2
9/11/2020,NV,1
9/11/2020,NY,3
9/11/2020,OH,1
9/11/2020,OK,1
9/11/2020,OR,1
9/11/2020,PA,1
9/11/2020,RI,1
9/11/2020,TN,3
9/11/2020,VA,2
9/11/2020,VT,1
9/12/2020,AK,1
9/12/2020,AL,2
9/12/2020,CA,7
9/12/2020,CO,4
9/12/2020,CT,1
9/12/2020,DC,3
9/12/2020,FL,5
9/12/2020,GA,1
9/12/2020,IL,1
9/12/2020,IN,5
9/12/2020,KY,2
9/12/2020,LA,1
9/12/2020,MA,4
9/12/2020,MD,3
9/12/2020,ME,2
9/12/2020,MI,4
9/12/2020,MN,2
9/12/2020,MO,1
9/12/2020,MS,2
9/12/2020,NC,10
9/12/2020,NJ,4
9/12/2020,NM,4
9/12/2020,NV,3
9/12/2020,NY,19
9/12/2020,OH,4
9/12/2020,OR,1
9/12/2020,PA,10
9/12/2020,RI,2
9/12/2020,SC,1
9/12/2020,TN,5
9/12/2020,TX,6
9/12/2020,UT,2
9/12/2020,VA,5
9/12/2020,VT,2
9/12/2020,WA,1
9/12/2020,WI,3
9/12/2020,WV,2
9/13/2020,AK,1
9/13/2020,AR,1
9/13/2020,CA,4
9/13/2020,CO,2
9/13/2020,FL,1
9/13/2020,GA,2
9/13/2020,IL,5
9/13/2020,IN,1
9/13/2020,KY,1
9/13/2020,MA,1
9/13/2020,MD,1
9/13/2020,MI,1
9/13/2020,MO,5
9/13/2020,NM,1
9/13/2020,NY,6
9/13/2020,OH,3
9/13/2020,PA,3
9/13/2020,TN,3
9/13/2020,TX,1
9/13/2020,VA,1
9/13/2020,VT,1
9/13/2020,WI,3
9/13/2020,WY,1
9/14/2020,AZ,1
9/14/2020,CA,2
9/14/2020,CT,3
9/14/2020,DC,1
9/14/2020,FL,2
9/14/2020,IL,3
9/14/2020,KY,1
9/14/2020,MA,2
9/14/2020,MD,1
9/14/2020,MO,1
9/14/2020,MT,1
9/14/2020,NC,2
9/14/2020,NE,1
9/14/2020,NJ,2
9/14/2020,NY,9
9/14/2020,OH,1
9/14/2020,OK,2
9/14/2020,PA,2
9/14/2020,SC,3
9/14/2020,TN,1
9/14/2020,TX,1
9/14/2020,VA,2
9/14/2020,VT,1
9/14/2020,WA,1
9/14/2020,WI,2
9/14/2020,WV,1
9/15/2020,AK,1
9/15/2020,AZ,2
9/15/2020,CA,7
9/15/2020,DC,1
9/15/2020,FL,2
9/15/2020,GA,3
9/15/2020,ID,1
9/15/2020,IL,3
9/15/2020,KY,1
9/15/2020,MA,3
9/15/2020,MD,1
9/15/2020,ME,2
9/15/2020,MI,1
9/15/2020,MN,1
9/15/2020,MS,1
9/15/2020,NC,1
9/15/2020,ND,1
9/15/2020,NE,1
9/15/2020,NM,1
9/15/2020,NY,5
9/15/2020,OH,1
9/15/2020,PA,5
9/15/2020,RI,1
9/15/2020,SC,1
9/15/2020,TN,1
9/15/2020,TX,2
9/15/2020,VT,1
9/15/2020,WI,1
9/15/2020,WV,1
9/16/2020,AL,1
9/16/2020,AR,1
9/16/2020,AZ,1
9/16/2020,CA,3
9/16/2020,CO,2
9/16/2020,CT,1
9/16/2020,FL,4
9/16/2020,GA,1
9/16/2020,ID,1
9/16/2020,IL,2
9/16/2020,KY,2
9/16/2020,MA,1
9/16/2020,MD,1
9/16/2020,MI,3
9/16/2020,MN,2
9/16/2020,MO,1
9/16/2020,MS,1
9/16/2020,NH,1
9/16/2020,NJ,2
9/16/2020,NY,6
9/16/2020,OH,2
9/16/2020,OK,1
9/16/2020,PA,4
9/16/2020,RI,1
9/16/2020,TN,3
9/16/2020,TX,2
9/16/2020,UT,1
9/16/2020,WA,1
9/16/2020,WI,2
9/17/2020,AR,1
9/17/2020,CA,5
9/17/2020,CT,1
9/17/2020,DE,1
9/17/2020,GA,2
9/17/2020,IL,4
9/17/2020,IN,2
9/17/2020,KY,1
9/17/2020,LA,1
9/17/2020,MA,1
9/17/2020,MI,2
9/17/2020,MN,2
9/17/2020,MO,1
9/17/2020,MT,1
9/17/2020,NJ,1
9/17/2020,NY,4
9/17/2020,OH,3
9/17/2020,OK,1
9/17/2020,PA,3
9/17/2020,TX,2
9/17/2020,WI,1
9/17/2020,WV,2
9/17/2020,WY,1
9/18/2020,AZ,1
9/18/2020,CA,2
9/18/2020,CT,1
9/18/2020,DC,1
9/18/2020,GA,3
9/18/2020,IL,1
9/18/2020,KS,1
9/18/2020,KY,1
9/18/2020,LA,1
9/18/2020,MA,1
9/18/2020,MD,2
9/18/2020,MI,2
9/18/2020,MN,3
9/18/2020,NC,1
9/18/2020,NJ,1
9/18/2020,NY,4
9/18/2020,OH,2
9/18/2020,OK,2
9/18/2020,OR,1
9/18/2020,TN,1
9/18/2020,TX,1
9/18/2020,WA,1
9/18/2020,WI,1
9/18/2020,WV,1
9/19/2020,AL,3
9/19/2020,AZ,1
9/19/2020,CA,6
9/19/2020,CO,2
9/19/2020,FL,7
9/19/2020,GA,6
9/19/2020,ID,1
9/19/2020,IL,5
9/19/2020,IN,2
9/19/2020,KS,1
9/19/2020,KY,6
9/19/2020,LA,2
9/19/2020,MA,1
9/19/2020,MD,1
9/19/2020,ME,2
9/19/2020,MI,1
9/19/2020,MN,1
9/19/2020,NC,5
9/19/2020,NE,3
9/19/2020,NJ,2
9/19/2020,NV,1
9/19/2020,NY,5
9/19/2020,OH,3
9/19/2020,PA,6
9/19/2020,RI,1
9/19/2020,SC,1
9/19/2020,TN,1
9/19/2020,TX,4
9/19/2020,VA,6
9/19/2020,WA,3
9/19/2020,WI,2
9/19/2020,WV,3
9/20/2020,AZ,2
9/20/2020,CA,7
9/20/2020,CO,1
9/20/2020,DE,1
9/20/2020,FL,4
9/20/2020,HI,3
9/20/2020,IL,1
9/20/2020,IN,1
9/20/2020,KS,1
9/20/2020,KY,1
9/20/2020,MA,3
9/20/2020,MD,1
9/20/2020,ME,1
9/20/2020,MI,2
9/20/2020,MO,1
9/20/2020,MT,1
9/20/2020,NC,4
9/20/2020,NY,3
9/20/2020,OH,1
9/20/2020,OR,1
9/20/2020,PA,4
9/20/2020,RI,1
9/20/2020,SC,2
9/20/2020,SD,1
9/20/2020,TN,1
9/20/2020,TX,3
9/20/2020,VA,1
9/20/2020,WA,1
9/20/2020,WI,1
9/20/2020,WV,1
9/21/2020,AZ,3
9/21/2020,CA,7
9/21/2020,CO,1
9/21/2020,DC,1
9/21/2020,FL,1
9/21/2020,GA,1
9/21/2020,IA,1
9/21/2020,ID,1
9/21/2020,IL,3
9/21/2020,KY,6
9/21/2020,LA,1
9/21/2020,MA,1
9/21/2020,MI,2
9/21/2020,NC,4
9/21/2020,NM,1
9/21/2020,NV,1
9/21/2020,NY,6
9/21/2020,OH,1
9/21/2020,OK,2
9/21/2020,OR,3
9/21/2020,PA,8
9/21/2020,SC,1
9/21/2020,TN,1
9/21/2020,TX,2
9/21/2020,WA,1
9/21/2020,WI,2
9/21/2020,WV,1
9/22/2020,AL,1
9/22/2020,AZ,3
9/22/2020,CA,3
9/22/2020,CO,2
9/22/2020,CT,1
9/22/2020,FL,2
9/22/2020,GA,1
9/22/2020,IL,2
9/22/2020,IN,3
9/22/2020,KY,1
9/22/2020,LA,1
9/22/2020,MA,1
9/22/2020,MD,2
9/22/2020,ME,1
9/22/2020,MI,1
9/22/2020,MO,1
9/22/2020,MS,1
9/22/2020,MT,1
9/22/2020,NC,2
9/22/2020,NE,1
9/22/2020,NJ,2
9/22/2020,NY,7
9/22/2020,OR,2
9/22/2020,PA,2
9/22/2020,TN,1
9/22/2020,TX,3
9/22/2020,UT,1
9/22/2020,VA,1
9/22/2020,VT,1
9/22/2020,WA,2
9/23/2020,AL,1
9/23/2020,AZ,1
9/23/2020,CA,8
9/23/2020,CO,2
9/23/2020,CT,2
9/23/2020,FL,4
9/23/2020,GA,3
9/23/2020,ID,1
9/23/2020,IL,8
9/23/2020,IN,2
9/23/2020,KY,2
9/23/2020,MA,1
9/23/2020,MD,1
9/23/2020,MI,5
9/23/2020,MN,1
9/23/2020,MO,2
9/23/2020,MT,1
9/23/2020,NC,5
9/23/2020,NJ,1
9/23/2020,NM,3
9/23/2020,NV,1
9/23/2020,NY,8
9/23/2020,OH,7
9/23/2020,OK,3
9/23/2020,OR,4
9/23/2020,PA,3
9/23/2020,RI,1
9/23/2020,SC,3
9/23/2020,TN,4
9/23/2020,TX,4
9/23/2020,UT,2
9/23/2020,VA,4
9/23/2020,WI,2
9/23/2020,WY,1
9/24/2020,AL,1
9/24/2020,AR,1
9/24/2020,AZ,2
9/24/2020,CA,9
9/24/2020,CT,2
9/24/2020,DC,2
9/24/2020,DE,1
9/24/2020,FL,6
9/24/2020,IA,1
9/24/2020,IL,1
9/24/2020,IN,2
9/24/2020,KY,1
9/24/2020,LA,1
9/24/2020,MA,2
9/24/2020,MD,1
9/24/2020,MN,1
9/24/2020,MO,2
9/24/2020,NC,4
9/24/2020,ND,1
9/24/2020,NJ,2
9/24/2020,NM,1
9/24/2020,NV,2
9/24/2020,NY,8
9/24/2020,OH,2
9/24/2020,OK,1
9/24/2020,OR,2
9/24/2020,PA,3
9/24/2020,SC,1
9/24/2020,TN,2
9/24/2020,TX,2
9/24/2020,VA,2
9/24/2020,WI,4
9/24/2020,WV,3
9/25/2020,AZ,3
9/25/2020,CA,15
9/25/2020,CO,1
9/25/2020,CT,1
9/25/2020,FL,3
9/25/2020,GA,4
9/25/2020,IA,2
9/25/2020,ID,1
9/25/2020,IL,6
9/25/2020,IN,1
9/25/2020,KY,2
9/25/2020,LA,1
9/25/2020,MA,1
9/25/2020,MD,2
9/25/2020,MI,1
9/25/2020,MN,1
9/25/2020,MO,2
9/25/2020,NC,1
9/25/2020,ND,2
9/25/2020,NM,1
9/25/2020,NV,1
9/25/2020,NY,2
9/25/2020,OH,5
9/25/2020,OK,1
9/25/2020,OR,2
9/25/2020,PA,12
9/25/2020,RI,1
9/25/2020,SC,1
9/25/2020,TN,2
9/25/2020,TX,3
9/25/2020,UT,1
9/25/2020,VA,3
9/25/2020,VT,1
9/25/2020,WA,1
9/25/2020,WI,2
9/25/2020,WV,1
9/26/2020,AL,2
9/26/2020,AR,1
9/26/2020,AZ,1
9/26/2020,CA,13
9/26/2020,CO,1
9/26/2020,CT,3
9/26/2020,DC,2
9/26/2020,FL,13
9/26/2020,GA,4
9/26/2020,IA,3
9/26/2020,ID,2
9/26/2020,IL,5
9/26/2020,IN,4
9/26/2020,KS,1
9/26/2020,KY,7
9/26/2020,MA,7
9/26/2020,MD,3
9/26/2020,ME,2
9/26/2020,MI,3
9/26/2020,MO,5
9/26/2020,MS,2
9/26/2020,NC,7
9/26/2020,ND,1
9/26/2020,NJ,4
9/26/2020,NM,1
9/26/2020,NV,4
9/26/2020,NY,11
9/26/2020,OH,12
9/26/2020,OR,4
9/26/2020,PA,9
9/26/2020,RI,2
9/26/2020,SC,3
9/26/2020,TN,3
9/26/2020,TX,8
9/26/2020,UT,1
9/26/2020,VA,3
9/26/2020,VT,1
9/26/2020,WA,4
9/26/2020,WI,2
9/26/2020,WV,1
9/27/2020,AL,1
9/27/2020,CA,15
9/27/2020,CO,2
9/27/2020,DC,1
9/27/2020,FL,3
9/27/2020,IL,1
9/27/2020,IN,2
9/27/2020,KY,6
9/27/2020,MA,2
9/27/2020,MD,1
9/27/2020,MI,1
9/27/2020,NC,2
9/27/2020,NJ,1
9/27/2020,NY,5
9/27/2020,OH,1
9/27/2020,OR,1
9/27/2020,PA,3
9/27/2020,RI,1
9/27/2020,SC,2
9/27/2020,SD,1
9/27/2020,TN,2
9/27/2020,TX,2
9/27/2020,VA,2
9/27/2020,WA,1
9/27/2020,WI,1
9/28/2020,CA,6
9/28/2020,FL,3
9/28/2020,GA,1
9/28/2020,HI,2
9/28/2020,ID,1
9/28/2020,IL,4
9/28/2020,LA,1
9/28/2020,MA,3
9/28/2020,ME,1
9/28/2020,MI,1
9/28/2020,NC,1
9/28/2020,ND,1
9/28/2020,NY,4
9/28/2020,OH,1
9/28/2020,OK,2
9/28/2020,OR,1
9/28/2020,PA,3
9/28/2020,RI,1
9/28/2020,SC,1
9/28/2020,TN,1
9/28/2020,TX,2
9/28/2020,WI,1
9/28/2020,WY,1
9/29/2020,AR,1
9/29/2020,AZ,1
9/29/2020,CA,8
9/29/2020,DC,1
9/29/2020,FL,1
9/29/2020,ID,1
9/29/2020,KS,1
9/29/2020,KY,1
9/29/2020,LA,1
9/29/2020,MA,1
9/29/2020,MD,3
9/29/2020,ME,1
9/29/2020,MO,1
9/29/2020,MS,1
9/29/2020,NC,1
9/29/2020,NJ,1
9/29/2020,NY,1
9/29/2020,OH,1
9/29/2020,OR,2
9/29/2020,PA,4
9/29/2020,TX,1
9/30/2020,CA,6
9/30/2020,CT,2
9/30/2020,DC,1
9/30/2020,ID,1
9/30/2020,IL,3
9/30/2020,IN,1
9/30/2020,KY,2
9/30/2020,MA,2
9/30/2020,MD,2
9/30/2020,MI,1
9/30/2020,MN,2
9/30/2020,ND,1
9/30/2020,NM,1
9/30/2020,NV,1
9/30/2020,NY,3
9/30/2020,OH,1
9/30/2020,OR,2
9/30/2020,PA,2
9/30/2020,SC,1
9/30/2020,SD,1
9/30/2020,TN,2
9/30/2020,TX,3
9/30/2020,WA,1
10/1/2020,AL,1
10/1/2020,AR,1
10/1/2020,CA,6
10/1/2020,DC,1
10/1/2020,DE,2
10/1/2020,FL,2
10/1/2020,IA,2
10/1/2020,ID,1
10/1/2020,IL,2
10/1/2020,IN,1
10/1/2020,KY,2
10/1/2020,LA,1
10/1/2020,MA,3
10/1/2020,MI,4
10/1/2020,MN,2
10/1/2020,MS,1
10/1/2020,MT,1
10/1/2020,NC,4
10/1/2020,NY,8
10/1/2020,OH,2
10/1/2020,OK,1
10/1/2020,OR,2
10/1/2020,PA,7
10/1/2020,RI,1
10/1/2020,SC,2
10/1/2020,TX,2
10/1/2020,VA,1
10/1/2020,WV,1
10/2/2020,AL,1
10/2/2020,AR,1
10/2/2020,CA,6
10/2/2020,CO,1
10/2/2020,CT,1
10/2/2020,GA,2
10/2/2020,HI,1
10/2/2020,IA,1
10/2/2020,ID,1
10/2/2020,IL,2
10/2/2020,KS,1
10/2/2020,KY,1
10/2/2020,MA,4
10/2/2020,ME,1
10/2/2020,MI,4
10/2/2020,MN,1
10/2/2020,MO,2
10/2/2020,MT,1
10/2/2020,NC,2
10/2/2020,NV,1
10/2/2020,NY,3
10/2/2020,OR,1
10/2/2020,PA,4
10/2/2020,RI,2
10/2/2020,TX,3
10/2/2020,WI,2
10/3/2020,AK,2
10/3/2020,AZ,2
10/3/2020,CA,13
10/3/2020,CO,2
10/3/2020,CT,1
10/3/2020,DC,3
10/3/2020,DE,1
10/3/2020,FL,9
10/3/2020,GA,3
10/3/2020,IA,2
10/3/2020,ID,1
10/3/2020,IL,7
10/3/2020,IN,1
10/3/2020,KS,3
10/3/2020,KY,2
10/3/2020,LA,3
10/3/2020,MA,1
10/3/2020,MD,3
10/3/2020,ME,2
10/3/2020,MI,2
10/3/2020,MO,3
10/3/2020,MS,1
10/3/2020,MT,1
10/3/2020,NC,3
10/3/2020,ND,1
10/3/2020,NM,2
10/3/2020,NV,1
10/3/2020,NY,9
10/3/2020,OH,4
10/3/2020,OK,2
10/3/2020,OR,5
10/3/2020,PA,4
10/3/2020,SC,1
10/3/2020,TN,3
10/3/2020,TX,8
10/3/2020,VA,7
10/3/2020,WA,1
10/3/2020,WI,4
10/3/2020,WV,1
10/4/2020,AL,2
10/4/2020,CA,8
10/4/2020,DC,1
10/4/2020,FL,1
10/4/2020,GA,2
10/4/2020,ID,1
10/4/2020,IL,2
10/4/2020,KS,3
10/4/2020,MD,2
10/4/2020,MI,1
10/4/2020,MN,1
10/4/2020,MO,1
10/4/2020,MS,1
10/4/2020,NE,1
10/4/2020,NY,4
10/4/2020,OH,1
10/4/2020,OR,6
10/4/2020,PA,3
10/4/2020,RI,1
10/4/2020,SC,1
10/4/2020,TX,2
10/4/2020,VA,3
10/4/2020,VT,1
10/4/2020,WI,2
10/5/2020,AK,1
10/5/2020,AL,1
10/5/2020,AZ,1
10/5/2020,CA,5
10/5/2020,DC,1
10/5/2020,FL,1
10/5/2020,IA,1
10/5/2020,IL,2
10/5/2020,IN,1
10/5/2020,KS,1
10/5/2020,MA,2
10/5/2020,MD,2
10/5/2020,ME,1
10/5/2020,MI,1
10/5/2020,MO,1
10/5/2020,NC,1
10/5/2020,NH,1
10/5/2020,NY,1
10/5/2020,OH,1
10/5/2020,OK,3
10/5/2020,OR,5
10/5/2020,PA,2
10/5/2020,SC,1
10/5/2020,TX,3
10/5/2020,WV,1
10/6/2020,AK,1
10/6/2020,CA,4
10/6/2020,CO,2
10/6/2020,DE,1
10/6/2020,FL,3
10/6/2020,GA,1
10/6/2020,IL,1
10/6/2020,KS,2
10/6/2020,KY,1
10/6/2020,LA,1
10/6/2020,MD,1
10/6/2020,MI,1
10/6/2020,MN,1
10/6/2020,MO,1
10/6/2020,NC,2
10/6/2020,NH,1
10/6/2020,NV,1
10/6/2020,NY,4
10/6/2020,OR,1
10/6/2020,PA,2
10/6/2020,SC,2
10/6/2020,TN,1
10/6/2020,TX,2
10/6/2020,WA,2
10/7/2020,AR,1
10/7/2020,CA,6
10/7/2020,CO,1
10/7/2020,FL,3
10/7/2020,GA,2
10/7/2020,ID,1
10/7/2020,IL,3
10/7/2020,KY,2
10/7/2020,LA,1
10/7/2020,MA,1
10/7/2020,MD,1
10/7/2020,MI,1
10/7/2020,MN,2
10/7/2020,MO,1
10/7/2020,MS,1
10/7/2020,MT,1
10/7/2020,NY,2
10/7/2020,OH,2
10/7/2020,OR,1
10/7/2020,TX,1
10/7/2020,UT,2
10/7/2020,VA,1
10/7/2020,WV,1
10/8/2020,AZ,1
10/8/2020,CA,5
10/8/2020,CO,1
10/8/2020,DC,1
10/8/2020,ID,1
10/8/2020,MI,2
10/8/2020,MN,2
10/8/2020,MO,3
10/8/2020,MS,1
10/8/2020,NY,3
10/8/2020,OR,1
10/8/2020,PA,3
10/8/2020,SC,1
10/8/2020,VA,1
10/8/2020,VT,1
10/8/2020,WA,1
10/8/2020,WI,1
10/8/2020,WV,3
10/9/2020,AL,1
10/9/2020,CA,2
10/9/2020,CT,1
10/9/2020,DC,1
10/9/2020,FL,2
10/9/2020,GA,4
10/9/2020,IA,2
10/9/2020,ID,1
10/9/2020,IL,3
10/9/2020,KY,1
10/9/2020,MA,2
10/9/2020,MI,2
10/9/2020,MN,3
10/9/2020,MO,2
10/9/2020,NC,2
10/9/2020,NM,1
10/9/2020,NV,1
10/9/2020,NY,1
10/9/2020,OR,5
10/9/2020,PA,3
10/9/2020,RI,1
10/9/2020,SC,1
10/9/2020,UT,1
10/9/2020,WA,2
10/9/2020,WI,2
10/10/2020,AR,1
10/10/2020,AZ,1
10/10/2020,CA,22
10/10/2020,CO,1
10/10/2020,CT,1
10/10/2020,DC,1
10/10/2020,FL,4
10/10/2020,GA,5
10/10/2020,IA,1
10/10/2020,ID,1
10/10/2020,IL,3
10/10/2020,IN,2
10/10/2020,KS,1
10/10/2020,KY,1
10/10/2020,LA,1
10/10/2020,MA,3
10/10/2020,MD,2
10/10/2020,ME,2
10/10/2020,MI,1
10/10/2020,MN,2
10/10/2020,MO,1
10/10/2020,NC,2
10/10/2020,ND,1
10/10/2020,NH,1
10/10/2020,NJ,1
10/10/2020,NM,2
10/10/2020,NV,1
10/10/2020,NY,5
10/10/2020,OH,11
10/10/2020,OK,2
10/10/2020,OR,5
10/10/2020,PA,4
10/10/2020,SC,3
10/10/2020,TN,1
10/10/2020,TX,3
10/10/2020,UT,1
10/10/2020,VA,2
10/10/2020,WA,3
10/10/2020,WI,3
10/10/2020,WV,1
10/11/2020,AZ,1
10/11/2020,CA,6
10/11/2020,CO,1
10/11/2020,DC,2
10/11/2020,FL,3
10/11/2020,GA,2
10/11/2020,ID,1
10/11/2020,IL,2
10/11/2020,KY,1
10/11/2020,LA,1
10/11/2020,MA,4
10/11/2020,MI,3
10/11/2020,MN,2
10/11/2020,MO,2
10/11/2020,ND,1
10/11/2020,NM,2
10/11/2020,NV,1
10/11/2020,NY,3
10/11/2020,OH,3
10/11/2020,OK,1
10/11/2020,OR,2
10/11/2020,PA,3
10/11/2020,TN,2
10/11/2020,TX,3
10/11/2020,UT,2
10/11/2020,WI,2
10/12/2020,AL,1
10/12/2020,AZ,2
10/12/2020,CA,8
10/12/2020,CO,1
10/12/2020,CT,1
10/12/2020,DC,1
10/12/2020,FL,2
10/12/2020,IL,5
10/12/2020,KY,1
10/12/2020,LA,1
10/12/2020,MA,3
10/12/2020,MD,1
10/12/2020,MI,1
10/12/2020,MO,1
10/12/2020,MS,2
10/12/2020,NM,3
10/12/2020,NY,2
10/12/2020,OH,1
10/12/2020,OR,1
10/12/2020,PA,3
10/12/2020,RI,1
10/12/2020,SD,1
10/12/2020,TX,1
10/12/2020,WI,1
10/12/2020,WV,1
10/12/2020,WY,1
10/13/2020,AL,1
10/13/2020,CA,10
10/13/2020,CO,1
10/13/2020,CT,1
10/13/2020,DC,1
10/13/2020,FL,2
10/13/2020,HI,1
10/13/2020,IA,1
10/13/2020,ID,1
10/13/2020,KY,1
10/13/2020,MD,1
10/13/2020,ME,1
10/13/2020,MI,1
10/13/2020,NC,1
10/13/2020,NH,1
10/13/2020,NY,4
10/13/2020,OH,3
10/13/2020,OR,2
10/13/2020,TN,4
10/13/2020,TX,1
10/13/2020,UT,1
10/13/2020,VA,1
10/13/2020,WI,1
10/14/2020,AL,2
10/14/2020,CA,2
10/14/2020,CO,1
10/14/2020,DC,2
10/14/2020,FL,2
10/14/2020,IA,1
10/14/2020,IL,1
10/14/2020,KS,1
10/14/2020,KY,1
10/14/2020,MA,1
10/14/2020,MD,2
10/14/2020,MI,2
10/14/2020,MN,2
10/14/2020,NJ,1
10/14/2020,NY,3
10/14/2020,OH,1
10/14/2020,OR,1
10/14/2020,PA,1
10/14/2020,TN,1
10/14/2020,TX,1
10/14/2020,VA,2
10/14/2020,VT,1
10/14/2020,WI,1
10/15/2020,CA,4
10/15/2020,CO,1
10/15/2020,CT,1
10/15/2020,DC,2
10/15/2020,FL,3
10/15/2020,HI,2
10/15/2020,IA,2
10/15/2020,MA,2
10/15/2020,MD,1
10/15/2020,MO,1
10/15/2020,NC,2
10/15/2020,NY,2
10/15/2020,OH,2
10/15/2020,OR,1
10/15/2020,PA,2
10/15/2020,RI,1
10/15/2020,VA,3
10/15/2020,WA,1
10/15/2020,WI,2
10/15/2020,WY,1
10/16/2020,AL,1
10/16/2020,CA,8
10/16/2020,CO,1
10/16/2020,FL,2
10/16/2020,GA,3
10/16/2020,IN,1
10/16/2020,KS,1
10/16/2020,KY,1
10/16/2020,LA,1
10/16/2020,MI,2
10/16/2020,MO,2
10/16/2020,MS,1
10/16/2020,NY,3
10/16/2020,OH,2
10/16/2020,OR,3
10/16/2020,PA,1
10/16/2020,TX,1
10/16/2020,VA,2
10/16/2020,WA,1
10/16/2020,WI,3
10/17/2020,AK,4
10/17/2020,AL,4
10/17/2020,AR,1
10/17/2020,AZ,4
10/17/2020,CA,20
10/17/2020,CO,2
10/17/2020,CT,1
10/17/2020,DC,3
10/17/2020,DE,1
10/17/2020,FL,17
10/17/2020,GA,4
10/17/2020,HI,1
10/17/2020,IA,3
10/17/2020,ID,2
10/17/2020,IL,13
10/17/2020,IN,4
10/17/2020,KS,1
10/17/2020,KY,2
10/17/2020,LA,1
10/17/2020,MA,1
10/17/2020,MD,4
10/17/2020,ME,2
10/17/2020,MI,11
10/17/2020,MN,1
10/17/2020,MO,4
10/17/2020,MS,1
10/17/2020,MT,2
10/17/2020,NC,4
10/17/2020,NE,1
10/17/2020,NJ,1
10/17/2020,NM,2
10/17/2020,NY,6
10/17/2020,OH,5
10/17/2020,OR,6
10/17/2020,PA,7
10/17/2020,SC,2
10/17/2020,SD,1
10/17/2020,TN,6
10/17/2020,TX,5
10/17/2020,UT,1
10/17/2020,VA,3
10/17/2020,VT,1
10/17/2020,WA,7
10/17/2020,WI,4
10/17/2020,WV,2
10/18/2020,AL,1
10/18/2020,CA,8
10/18/2020,DC,1
10/18/2020,FL,8
10/18/2020,IA,1
10/18/2020,IL,1
10/18/2020,IN,1
10/18/2020,LA,1
10/18/2020,MA,4
10/18/2020,MD,2
10/18/2020,MI,1
10/18/2020,NC,2
10/18/2020,NH,1
10/18/2020,NY,7
10/18/2020,OH,2
10/18/2020,OR,3
10/18/2020,PA,4
10/18/2020,RI,1
10/18/2020,SC,1
10/18/2020,TN,1
10/18/2020,TX,1
10/18/2020,UT,1
10/18/2020,VA,1
10/19/2020,AL,1
10/19/2020,AR,1
10/19/2020,AZ,2
10/19/2020,CA,6
10/19/2020,DC,1
10/19/2020,GA,1
10/19/2020,IL,3
10/19/2020,IN,1
10/19/2020,KS,1
10/19/2020,MA,2
10/19/2020,ME,1
10/19/2020,MN,1
10/19/2020,NH,1
10/19/2020,NJ,1
10/19/2020,NY,3
10/19/2020,OH,2
10/19/2020,OR,2
10/19/2020,PA,2
10/19/2020,RI,1
10/19/2020,WI,3
10/20/2020,CA,3
10/20/2020,CT,1
10/20/2020,FL,2
10/20/2020,GA,1
10/20/2020,IA,1
10/20/2020,IL,1
10/20/2020,LA,1
10/20/2020,MD,1
10/20/2020,MN,1
10/20/2020,MS,1
10/20/2020,MT,1
10/20/2020,NC,2
10/20/2020,NY,1
10/20/2020,OR,2
10/20/2020,PA,2
10/20/2020,TX,2
10/20/2020,VA,2
10/20/2020,WA,1
10/20/2020,WI,2
10/20/2020,WV,1
10/21/2020,AL,1
10/21/2020,AR,1
10/21/2020,AZ,1
10/21/2020,CA,2
10/21/2020,CT,3
10/21/2020,DC,1
10/21/2020,FL,4
10/21/2020,GA,2
10/21/2020,KS,2
10/21/2020,KY,1
10/21/2020,LA,3
10/21/2020,MA,1
10/21/2020,MD,2
10/21/2020,MI,2
10/21/2020,NC,3
10/21/2020,NV,1
10/21/2020,NY,8
10/21/2020,OR,1
10/21/2020,PA,4
10/21/2020,RI,2
10/21/2020,SC,1
10/21/2020,TN,2
10/21/2020,TX,2
10/21/2020,UT,1
10/21/2020,WA,1
10/21/2020,WI,1
10/22/2020,AL,1
10/22/2020,CA,6
10/22/2020,CO,1
10/22/2020,DC,3
10/22/2020,FL,2
10/22/2020,IL,2
10/22/2020,KY,3
10/22/2020,MA,1
10/22/2020,MD,1
10/22/2020,ME,1
10/22/2020,MI,1
10/22/2020,MO,1
10/22/2020,MT,1
10/22/2020,NJ,1
10/22/2020,NY,9
10/22/2020,OH,1
10/22/2020,OK,1
10/22/2020,OR,1
10/22/2020,PA,4
10/22/2020,TN,2
10/22/2020,TX,4
10/22/2020,UT,1
10/22/2020,VA,1
10/23/2020,CA,6
10/23/2020,CT,1
10/23/2020,DC,2
10/23/2020,FL,3
10/23/2020,IL,3
10/23/2020,KS,2
10/23/2020,KY,1
10/23/2020,MO,1
10/23/2020,NC,1
10/23/2020,NV,1
10/23/2020,NY,3
10/23/2020,OH,1
10/23/2020,OR,4
10/23/2020,PA,2
10/23/2020,RI,1
10/23/2020,TN,1
10/23/2020,VT,1
10/23/2020,WA,1
10/23/2020,WI,1
10/24/2020,AL,2
10/24/2020,AZ,4
10/24/2020,CA,12
10/24/2020,CO,2
10/24/2020,CT,1
10/24/2020,DC,1
10/24/2020,FL,17
10/24/2020,GA,2
10/24/2020,HI,1
10/24/2020,ID,2
10/24/2020,IL,4
10/24/2020,KS,2
10/24/2020,KY,3
10/24/2020,MA,5
10/24/2020,MD,3
10/24/2020,ME,1
10/24/2020,MI,7
10/24/2020,MS,3
10/24/2020,NC,2
10/24/2020,NE,1
10/24/2020,NJ,3
10/24/2020,NM,1
10/24/2020,NV,2
10/24/2020,NY,9
10/24/2020,OH,1
10/24/2020,OK,1
10/24/2020,OR,2
10/24/2020,PA,15
10/24/2020,SC,2
10/24/2020,TN,5
10/24/2020,TX,12
10/24/2020,UT,2
10/24/2020,VA,3
10/24/2020,WA,5
10/24/2020,WI,3
10/24/2020,WV,3
10/25/2020,AL,4
10/25/2020,AR,1
10/25/2020,AZ,2
10/25/2020,CA,8
10/25/2020,CO,1
10/25/2020,CT,2
10/25/2020,DC,1
10/25/2020,FL,5
10/25/2020,GA,4
10/25/2020,IL,2
10/25/2020,MA,5
10/25/2020,MD,1
10/25/2020,ME,1
10/25/2020,MI,2
10/25/2020,MN,2
10/25/2020,MS,1
10/25/2020,NC,2
10/25/2020,NE,1
10/25/2020,NJ,1
10/25/2020,NM,1
10/25/2020,NY,12
10/25/2020,OH,1
10/25/2020,OR,1
10/25/2020,PA,3
10/25/2020,RI,1
10/25/2020,SC,1
10/25/2020,TN,3
10/25/2020,TX,2
10/25/2020,UT,1
10/25/2020,VA,2
10/25/2020,WA,1
10/25/2020,WI,1
10/26/2020,AL,1
10/26/2020,CA,3
10/26/2020,CT,1
10/26/2020,DC,2
10/26/2020,GA,1
10/26/2020,ID,1
10/26/2020,IL,2
10/26/2020,KY,1
10/26/2020,MD,2
10/26/2020,MI,1
10/26/2020,MN,2
10/26/2020,NC,3
10/26/2020,NY,4
10/26/2020,OH,1
10/26/2020,OR,1
10/26/2020,PA,2
10/26/2020,TX,1
10/26/2020,WA,1
10/26/2020,WI,1
10/26/2020,WV,1
10/27/2020,CA,4
10/27/2020,FL,5
10/27/2020,IA,1
10/27/2020,IL,2
10/27/2020,KY,1
10/27/2020,LA,1
10/27/2020,MD,1
10/27/2020,ME,1
10/27/2020,MI,1
10/27/2020,MO,1
10/27/2020,MS,1
10/27/2020,MT,1
10/27/2020,NE,1
10/27/2020,NY,7
10/27/2020,OR,2
10/27/2020,PA,1
10/27/2020,SC,1
10/27/2020,TX,1
10/27/2020,VA,1
10/27/2020,VT,1
10/27/2020,WA,4
10/27/2020,WI,1
10/27/2020,WV,1
10/28/2020,AL,2
10/28/2020,CA,3
10/28/2020,DC,1
10/28/2020,FL,1
10/28/2020,IA,1
10/28/2020,IL,4
10/28/2020,IN,1
10/28/2020,LA,1
10/28/2020,MD,1
10/28/2020,MI,1
10/28/2020,NE,1
10/28/2020,NY,2
10/28/2020,OR,1
10/28/2020,PA,2
10/28/2020,SC,1
10/28/2020,VA,2
10/29/2020,AR,1
10/29/2020,CA,7
10/29/2020,CO,1
10/29/2020,DC,1
10/29/2020,IL,1
10/29/2020,IN,1
10/29/2020,KY,1
10/29/2020,MA,2
10/29/2020,MI,1
10/29/2020,MO,1
10/29/2020,MT,1
10/29/2020,NY,1
10/29/2020,OH,1
10/29/2020,OR,2
10/29/2020,PA,1
10/29/2020,TN,1
10/29/2020,TX,4
10/29/2020,UT,2
10/29/2020,VA,1
10/29/2020,WA,2
10/29/2020,WI,1
10/30/2020,AL,1
10/30/2020,AZ,1
10/30/2020,CA,2
10/30/2020,CO,1
10/30/2020,DC,2
10/30/2020,FL,3
10/30/2020,GA,2
10/30/2020,IL,3
10/30/2020,IN,1
10/30/2020,KS,1
10/30/2020,MO,2
10/30/2020,NC,2
10/30/2020,NY,1
10/30/2020,OR,1
10/30/2020,PA,4
10/30/2020,TN,2
10/30/2020,TX,6
10/30/2020,VA,1
10/30/2020,WA,1
10/31/2020,AK,1
10/31/2020,AR,1
10/31/2020,CA,9
10/31/2020,CO,1
10/31/2020,DC,1
10/31/2020,FL,3
10/31/2020,GA,1
10/31/2020,HI,1
10/31/2020,ID,1
10/31/2020,IL,3
10/31/2020,IN,2
10/31/2020,MA,2
10/31/2020,ME,1
10/31/2020,MN,1
10/31/2020,MO,1
10/31/2020,NC,2
10/31/2020,NM,2
10/31/2020,NY,3
10/31/2020,OH,3
10/31/2020,OK,1
10/31/2020,OR,1
10/31/2020,PA,4
10/31/2020,TN,1
10/31/2020,TX,2
10/31/2020,VA,1
10/31/2020,WA,1
10/31/2020,WV,3
11/1/2020,AK,2
11/1/2020,AL,1
11/1/2020,AZ,2
11/1/2020,CA,23
11/1/2020,CT,3
11/1/2020,DC,1
11/1/2020,FL,5
11/1/2020,GA,2
11/1/2020,IL,2
11/1/2020,IN,2
11/1/2020,KS,1
11/1/2020,KY,4
11/1/2020,MA,1
11/1/2020,MD,2
11/1/2020,MO,3
11/1/2020,MS,1
11/1/2020,MT,1
11/1/2020,NC,2
11/1/2020,NE,1
11/1/2020,NJ,3
11/1/2020,NM,2
11/1/2020,NY,12
11/1/2020,OH,2
11/1/2020,OR,3
11/1/2020,PA,9
11/1/2020,RI,1
11/1/2020,TX,8
11/1/2020,VA,4
11/1/2020,WA,4
11/1/2020,WI,2
11/1/2020,WV,1
11/2/2020,AZ,1
11/2/2020,CA,6
11/2/2020,FL,3
11/2/2020,GA,1
11/2/2020,HI,1
11/2/2020,ID,1
11/2/2020,IL,4
11/2/2020,KS,1
11/2/2020,MN,2
11/2/2020,MS,1
11/2/2020,ND,1
11/2/2020,NM,1
11/2/2020,NY,1
11/2/2020,OH,1
11/2/2020,TN,2
11/2/2020,TX,3
11/2/2020,UT,6
11/2/2020,VA,1
11/2/2020,WA,2
11/2/2020,WI,1
11/3/2020,AK,2
11/3/2020,CA,8
11/3/2020,DC,2
11/3/2020,FL,2
11/3/2020,IA,1
11/3/2020,IN,1
11/3/2020,KS,1
11/3/2020,MA,2
11/3/2020,MI,2
11/3/2020,MN,1
11/3/2020,NC,1
11/3/2020,ND,1
11/3/2020,NE,1
11/3/2020,NM,3
11/3/2020,NY,3
11/3/2020,OR,4
11/3/2020,PA,2
11/3/2020,SC,1
11/3/2020,SD,1
11/3/2020,TN,1
11/3/2020,UT,1
11/3/2020,VA,1
11/3/2020,WI,1
11/4/2020,AZ,1
11/4/2020,CA,23
11/4/2020,CO,1
11/4/2020,CT,2
11/4/2020,DC,2
11/4/2020,FL,5
11/4/2020,GA,1
11/4/2020,IL,3
11/4/2020,IN,1
11/4/2020,LA,1
11/4/2020,MA,12
11/4/2020,MD,3
11/4/2020,MI,7
11/4/2020,MN,2
11/4/2020,MO,3
11/4/2020,NC,5
11/4/2020,NH,1
11/4/2020,NJ,4
11/4/2020,NV,1
11/4/2020,NY,8
11/4/2020,OH,2
11/4/2020,OR,3
11/4/2020,PA,15
11/4/2020,TN,3
11/4/2020,TX,3
11/4/2020,VA,1
11/4/2020,VT,9
11/4/2020,WA,1
11/4/2020,WI,4
11/5/2020,AZ,1
11/5/2020,CA,2
11/5/2020,DC,2
11/5/2020,FL,5
11/5/2020,GA,1
11/5/2020,HI,1
11/5/2020,IL,1
11/5/2020,KY,1
11/5/2020,MA,3
11/5/2020,MI,1
11/5/2020,MN,1
11/5/2020,NC,2
11/5/2020,NV,2
11/5/2020,NY,2
11/5/2020,OK,2
11/5/2020,OR,1
11/5/2020,PA,5
11/5/2020,VA,1
11/5/2020,WA,1
11/5/2020,WI,1
11/5/2020,WV,1
11/6/2020,AL,1
11/6/2020,AZ,1
11/6/2020,CA,4
11/6/2020,CO,1
11/6/2020,DC,1
11/6/2020,DE,1
11/6/2020,FL,5
11/6/2020,GA,1
11/6/2020,IN,1
11/6/2020,KS,1
11/6/2020,MA,1
11/6/2020,MI,1
11/6/2020,NC,1
11/6/2020,NJ,1
11/6/2020,NV,1
11/6/2020,NY,2
11/6/2020,OH,1
11/6/2020,OK,1
11/6/2020,OR,2
11/6/2020,PA,7
11/6/2020,RI,3
11/6/2020,TX,2
11/6/2020,WA,2
11/6/2020,WI,1
11/7/2020,AL,1
11/7/2020,AR,2
11/7/2020,AZ,1
11/7/2020,CA,15
11/7/2020,CO,3
11/7/2020,CT,1
11/7/2020,DC,2
11/7/2020,DE,1
11/7/2020,FL,11
11/7/2020,GA,4
11/7/2020,HI,2
11/7/2020,IA,2
11/7/2020,ID,1
11/7/2020,IL,3
11/7/2020,IN,2
11/7/2020,KS,4
11/7/2020,KY,2
11/7/2020,LA,3
11/7/2020,MA,3
11/7/2020,MD,3
11/7/2020,ME,1
11/7/2020,MI,3
11/7/2020,MN,2
11/7/2020,MO,5
11/7/2020,MS,1
11/7/2020,MT,2
11/7/2020,NC,5
11/7/2020,NE,1
11/7/2020,NH,2
11/7/2020,NJ,3
11/7/2020,NM,2
11/7/2020,NV,3
11/7/2020,NY,7
11/7/2020,OH,3
11/7/2020,OK,1
11/7/2020,OR,5
11/7/2020,PA,11
11/7/2020,RI,3
11/7/2020,SC,1
11/7/2020,TN,1
11/7/2020,TX,7
11/7/2020,UT,1
11/7/2020,VA,3
11/7/2020,VT,1
11/7/2020,WA,2
11/7/2020,WI,3
11/7/2020,WY,1
11/8/2020,AL,1
11/8/2020,AZ,1
11/8/2020,CA,6
11/8/2020,DC,1
11/8/2020,FL,4
11/8/2020,GA,2
11/8/2020,IA,1
11/8/2020,IL,2
11/8/2020,KS,1
11/8/2020,LA,2
11/8/2020,MA,1
11/8/2020,MD,1
11/8/2020,MI,3
11/8/2020,MN,2
11/8/2020,MO,3
11/8/2020,MS,1
11/8/2020,NC,1
11/8/2020,NJ,1
11/8/2020,NM,1
11/8/2020,NV,1
11/8/2020,NY,4
11/8/2020,OH,2
11/8/2020,OR,1
11/8/2020,PA,5
11/8/2020,SC,1
11/8/2020,TX,7
11/8/2020,VA,2
11/8/2020,WA,1
11/9/2020,ID,1
11/9/2020,IL,2
11/9/2020,KS,1
11/9/2020,MA,2
11/9/2020,MI,1
11/9/2020,NJ,2
11/9/2020,NY,2
11/9/2020,OK,1
11/9/2020,OR,1
11/9/2020,PA,2
11/9/2020,UT,1
11/9/2020,WA,2
11/9/2020,WI,2
11/10/2020,AL,1
11/10/2020,CA,3
11/10/2020,DC,1
11/10/2020,FL,2
11/10/2020,IL,1
11/10/2020,IN,1
11/10/2020,KS,1
11/10/2020,MA,1
11/10/2020,NC,3
11/10/2020,NY,1
11/10/2020,OR,1
11/10/2020,PA,1
11/10/2020,TN,3
11/10/2020,TX,2
11/11/2020,AL,1
11/11/2020,CA,3
11/11/2020,DC,1
11/11/2020,DE,1
11/11/2020,GA,1
11/11/2020,HI,1
11/11/2020,ID,1
11/11/2020,IN,1
11/11/2020,LA,1
11/11/2020,MA,1
11/11/2020,ME,1
11/11/2020,MI,2
11/11/2020,NJ,2
11/11/2020,NV,2
11/11/2020,OH,1
11/11/2020,OR,1
11/11/2020,PA,2
11/11/2020,SC,1
11/11/2020,UT,1
11/11/2020,WA,1
11/11/2020,WI,1
11/11/2020,WV,1
11/12/2020,CA,2
11/12/2020,CO,1
11/12/2020,DE,1
11/12/2020,IL,1
11/12/2020,KS,1
11/12/2020,KY,1
11/12/2020,MA,1
11/12/2020,MN,1
11/12/2020,NY,7
11/12/2020,OR,1
11/12/2020,RI,1
11/12/2020,UT,1
11/12/2020,VA,2
11/13/2020,AL,2
11/13/2020,AR,1
11/13/2020,DC,2
11/13/2020,FL,1
11/13/2020,IL,2
11/13/2020,MI,1
11/13/2020,NY,2
11/13/2020,OR,1
11/13/2020,PA,1
11/13/2020,WA,1
11/14/2020,AR,1
11/14/2020,AZ,1
11/14/2020,CA,8
11/14/2020,CT,1
11/14/2020,DC,2
11/14/2020,FL,4
11/14/2020,GA,5
11/14/2020,IA,1
11/14/2020,IL,7
11/14/2020,IN,1
11/14/2020,KY,1
11/14/2020,MA,4
11/14/2020,MI,3
11/14/2020,MN,2
11/14/2020,MO,3
11/14/2020,MT,1
11/14/2020,NC,1
11/14/2020,NE,2
11/14/2020,NM,1
11/14/2020,NV,1
11/14/2020,NY,4
11/14/2020,OH,1
11/14/2020,OR,2
11/14/2020,PA,3
11/14/2020,RI,1
11/14/2020,TN,2
11/14/2020,TX,2
11/14/2020,WI,1
11/14/2020,WY,1
